caution_ranking,to_remove,id,author,quote,char_count
3,x,1,John Keats,"Beauty is truth, truth beauty,--that is all Ye know on earth, and all ye need to know.",86
2,,2,John Keats,I am certain of nothing but the holiness of the Heart's affections and the truth of the Imagination.,100
4,x,3,John Keats,What the imagination seizes as beauty must be truth.,52
2,,4,John Keats,"I never can feel certain of any truth, but from a clear perception of its beauty.",81
2,,5,John Keats,I love you the more in that I believe you had liked me for my own sake and for nothing else.,92
4,x,6,John Keats,Love is my religion - I could die for it.,41
4,x,7,John Keats,"You are always new, the last of your kisses was ever the sweetest.",66
2,x,8,John Keats,I almost wish we were butterflies and liv'd but three summer days - three such days with you I could fill with more delight than fifty common years could ever contain.,167
4,x,9,John Keats,My love is selfish. I cannot breathe without you.,49
3,x,10,John Keats,"Now a soft kiss - Aye, by that kiss, I vow an endless bliss.",60
2,,11,John Keats,I have so much of you in my heart.,34
5,x,12,John Keats,I cannot exist without you - I am forgetful of every thing but seeing you again - my Life seems to stop there - I see no further. You have absorb'd me.,151
2,,13,John Keats,A thing of beauty is a joy forever: its loveliness increases; it will never pass into nothingness.,98
3,x,14,John Keats,"With a great poet the sense of Beauty overcomes every other consideration, or rather obliterates all consideration.",115
2,,15,Emily Dickinson,"Truth is so rare, it is delightful to tell it.",46
4,x,16,Emily Dickinson,Tell all the truth but tell it slant--,38
4,x,17,Emily Dickinson,The truth I do not dare to know I muffle with a jest.,53
2,,18,Emily Dickinson,"That love is all there is, is all we know of love.",50
2,,19,Emily Dickinson,"Love is anterior to life, posterior to death, initial of creation, and the exponent of breath.",94
2,,20,Emily Dickinson,"Unable are the loved to die, for love is immortality.",53
2,,21,Emily Dickinson,Till I loved I never lived.,27
2,,22,Emily Dickinson,Morning without you is a dwindled dawn.,39
2,,23,Emily Dickinson,I argue thee that love is life. And life hath immortality.,58
2,,24,Emily Dickinson,"To love is so startling, it leaves little time for anything else.",65
3,x,25,Emily Dickinson,"Heart, we will forget him, You and I, tonight! You must forget the warmth he gave, I will forget the light.",107
4,x,26,Emily Dickinson,"We outgrow love like other things and put it in a drawer, till it an antique fashion shows like costumes grandsires wore.",121
3,x,27,Emily Dickinson,Behold this little Bane--The Boon of all alive--As common as it is unknown The name of it is Love.,98
2,,28,Emily Dickinson,Beauty is not caused. It is.,28
4,x,29,Emily Dickinson,"Beauty crowds me till I die, Beauty, mercy have on me! Yet if I expire to-day Let it be in sight of thee!",105
2,,30,Emily Dickinson,A charm invests a face imperfectly beheld.,42
5,x,31,Emily Dickinson,"I died for Beauty--but was scarce Adjusted in the Tomb When One who died for Truth, was lain In an adjoining Room.",114
5,x,32,Walt Whitman,"Only aware to-day of compact, all-diffused truth; / Discovering to-day there is no lie, or form of lie, and can be none, but grows as inevitably upon itself as the truth does upon itself.",187
4,x,33,Walt Whitman,"And that the truth includes all, and is compact, just as much as space is compact, / And that there is no flaw or vacuum in the amount of the truth--but that all is truth without exception.",189
5,x,34,Walt Whitman,Whatever satisfies the soul is truth.,37
3,x,35,Walt Whitman,It is a beautiful truth that all men contain something of the artist in them.,77
4,x,36,Walt Whitman,"I have loved many women and men, but I love none better than you.",65
2,x,37,Walt Whitman,"Love, that is day and night--love, that is sun and moon and stars, Love, that is crimson, sumptuous, sick with perfume, no other words but words of love, no other thought but love.",180
4,x,38,Walt Whitman,"Sometimes with one I love, I fill myself with rage, for fear I effuse unreturn'd love; But now I think there is no unreturn'd love--the pay is certain, one way or another.",171
5,x,39,Walt Whitman,"I give you my hand, I give you my love more precious than money, I give you myself before preaching or law; Will you give me yourself?",134
3,x,40,Walt Whitman,Be not dishearten'd--Affection shall solve the problems of Freedom yet; Those who love each other shall become invincible.,122
6,x,41,Walt Whitman,All beauty comes from beautiful blood and a beautiful brain.,60
2,x,42,Walt Whitman,"The soul is always beautiful, it appears more or it appears less, it comes or it lags behind, It comes from its embowered garden and looks pleasantly on itself and encloses the world.",183
2,,43,Walt Whitman,What beauty there is in words; what a lurking curious charm in the sound some words.,84
2,,44,Walt Whitman,Most works are most beautiful without ornament.,47
2,,45,Walt Whitman,Peace is always beautiful.,26
5,x,46,Ralph Waldo Emerson,Nothing is at last sacred but the integrity of your own mind.,61
4,x,47,Ralph Waldo Emerson,"The soul is the perceiver and revealer of truth. We know truth when we see it, let skeptic and scoffer say what they choose.",124
3,x,48,Ralph Waldo Emerson,"Every violation of truth is not only a sort of suicide in the liar, but is a stab at the health of human society.",113
2,,49,Ralph Waldo Emerson,Truth is the property of no individual but is the treasure of all men.,70
4,x,50,Ralph Waldo Emerson,Every mind must make its choice between truth and repose. It cannot have both.,78
2,,51,Ralph Waldo Emerson,The greatest homage to truth is to use it.,42
7,x,52,Ralph Waldo Emerson,"Truth is beautiful, without doubt; but so are lies.",51
2,,53,Ralph Waldo Emerson,No man thoroughly understands a truth until he has contended against it.,72
2,,54,Ralph Waldo Emerson,"Love, and you shall be loved.",29
4,x,55,Ralph Waldo Emerson,All mankind love a lover.,25
2,,56,Ralph Waldo Emerson,Give all to love; Obey thy heart.,33
2,,57,Ralph Waldo Emerson,"The reason why all men honor love is because it looks up, and not down; aspires and not despairs.",97
6,x,58,Ralph Waldo Emerson,Thou art to me a delicious torment.,35
3,x,59,Ralph Waldo Emerson,"He who is in love is wise and is becoming wiser, sees newly every time he looks at the object beloved, drawing from it with his eyes and his mind those virtues which it possesses.",179
2,,60,Ralph Waldo Emerson,The love that you withhold is the pain that you carry.,54
6,x,61,Ralph Waldo Emerson,"Marriage is the perfection which love aimed at, ignorant of what it sought.",75
2,,62,Ralph Waldo Emerson,Beauty without grace is the hook without the bait.,50
2,x,63,Ralph Waldo Emerson,We ascribe beauty to that which is simple; which has no superfluous parts; which exactly answers its end; which stands related to all things; which is the mean of many extremes.,177
2,,64,Ralph Waldo Emerson,"Things are pretty, graceful, rich, elegant, handsome, but, until they speak to the imagination, not yet beautiful.",114
2,,65,Ralph Waldo Emerson,"Never lose an opportunity of seeing anything beautiful, for beauty is God's handwriting.",88
2,,66,Ralph Waldo Emerson,"Though we travel the world over to find the beautiful, we must carry it with us or we find it not.",98
2,,67,Ralph Waldo Emerson,Love of beauty is taste. The creation of beauty is art.,55
2,x,68,Ralph Waldo Emerson,"To the attentive eye, each moment of the year has its own beauty, and in the same fields, it beholds, every hour, a picture which was never seen before, and which shall never be seen again.",189
5,x,69,Ralph Waldo Emerson,"Beauty is the mark God sets on virtue. Every natural action is graceful; every heroic act is also decent, and causes the place and the bystanders to shine.",155
3,x,70,Ralph Waldo Emerson,"If eyes were made for seeing, then beauty is its own excuse for being.",70
2,,71,Ralph Waldo Emerson,Flowers... are a proud assertion that a ray of beauty outvalues all the utilities of the world.,95
2,,72,Plotinus,Truth is the agreement of the mind with itself.,47
4,x,73,Plotinus,"Knowledge has three degrees 6opinion, science, illumination. The means or instrument of the first is sense; of the second, dialectic; of the third, intuition. To the last I subordinate reason. It is absolute knowledge founded on the identity of the mind knowing with the object known.",284
2,,74,Plotinus,Truth is self-accordance; it affirms and is nothing other than itself and is nothing other.,91
4,x,75,Plotinus,"We must close our eyes and invoke a new manner of seeing... a wakefulness that is the birthright of us all, though few put it to use.",133
2,,76,Plotinus,The highest truth can only be realized through intense contemplation and inner stillness.,89
3,x,77,Plotinus,"What is Love? A God, a Celestial Spirit, a state of mind? Or is it, perhaps, sometimes to be thought of as a God or Spirit and sometimes merely as an experience?",161
4,x,78,Plotinus,"It is sound, I think, to find the primal source of Love in a tendency of the Soul towards pure beauty, in a recognition, in a kinship, in an unreasoned consciousness of friendly relation.",187
4,x,79,Plotinus,"Pure Love seeks the beauty alone, whether there is Reminiscence or not; but there are those that feel, also, a desire of such immortality as lies within mortal reach; and these are seeking Beauty in their demand for perpetuity, the desire of the eternal.",254
3,x,80,Plotinus,"Love, thus, is ever intent upon that other loveliness, and exists to be the medium between desire and that object of desire.",124
4,x,81,Plotinus,"Love, therefore, is like a goad; it is without resource in itself; even winning its end, it is poor again.",106
5,x,82,Plotinus,"Being is desirable because it is identical with Beauty, and Beauty is loved because it is Being. We ourselves possess Beauty when we are true to our own being; ugliness is in going over to another order; knowing ourselves, we are beautiful; in self-ignorance, we are ugly.",272
5,x,83,Plotinus,"Withdraw into yourself and look. And if you do not find yourself beautiful yet, act as does the creator of a statue that is to be made beautiful: he cuts away here, he smoothes there, he makes this line lighter, this other purer, until a lovely face has grown upon his work. So do you also: cut away all that is excessive, straighten all that is crooked, bring light to all that is overcast, labor to make all one glow of beauty and never cease chiseling your statue, until there shall shine out on you from it the godlike splendor of virtue, until you shall see the perfect goodness surely established in the stainless shrine.",627
4,x,84,Plotinus,"The sensitive eye can never be able to survey the orb of the sun, unless strongly endued with solar fire, and participating largely of the vivid ray. Everyone therefore must become divine, and of godlike beauty, before he can gaze upon a god and the beautiful itself.",267
5,x,85,Plotinus,"We must ascend, therefore, once more to the Good, which every soul desires. If anyone has beheld It, he will know what I say, and in what manner It is beautiful, for it is as good that It is desired, and all appetency is towards goodness.",238
4,x,86,Plotinus,"The soul, borne upwards towards intellect, puts on a marvellous beauty. Intellect, and that which comes from Intellect, is the beauty which truly belongs to her and is not foreign to her; because, when united to It, and then only, is she truly soul.",249
4,x,87,Plato,"False words are not only evil in themselves, but they infect the soul with evil.",80
2,,88,Plato,You should not honor men more than truth.,41
2,,89,Plato,"Truth is the beginning of every good to the gods, and of every good to man.",75
3,x,90,Plato,"There is nothing so delightful as the hearing, or the speaking of truth.",72
6,x,91,Plato,No one is more hated than he who speaks the truth.,50
2,,92,Plato,The qualities of number appear to lead to the apprehension of truth.,68
7,x,93,Plato,Honesty is for the most part less profitable than dishonesty.,61
6,x,94,Plato,They deem him their worst enemy who tells them the truth.,57
4,x,95,Plato,"Truth is the beginning of every good thing, both in heaven and on earth.",72
4,x,96,Plato,"Seven years of silent inquiry are needful for a man to learn the truth, but fourteen in order to learn how to make it known to his fellow-men.",142
5,x,97,Plato,All I would ask you to be thinking of is the truth and not Socrates.,68
4,x,98,Plato,"What essence is to generation, that truth is to belief.",55
4,x,99,Plato,"To speak knowing the truth, among prudent and dear men, about what is greatest and dear, is a thing that is safe and encouraging.",129
3,x,100,Plato,"Renouncing the honors at which the world aims, I desire only to know the truth... and to the maximum of my power, I exhort all other men to do the same.",152
3,x,101,Plato,Truth is the source of every good thing in heaven and on earth. He who expects to be blessed and fortunate in this world should be a partaker of truth.,151
3,x,102,Plato,"And isn't it a bad thing to be deceived about the truth, and a good thing to know what the truth is? For I assume that by knowing the truth you mean knowing things as they really are.",183
4,x,103,Plato,"The philosopher is in love with truth, that is, not with the changing world of sensation, which is the object of opinion, but with the unchanging reality which is the object of knowledge.",187
3,x,104,Plato,"Truthfulness. He will never willingly tolerate an untruth, but will hate it as much as he loves truth... And is there anything more closely connected with wisdom than truth?",173
4,x,105,Plato,"What is at issue is the conversion of the mind from the twilight of error to the truth, that climb up into the real world which we shall call true philosophy.",158
2,,106,Plato,The object of knowledge is what exists and its function to know about reality.,78
4,x,107,Plato,"One trait in the philosopher's character we can assume is his love of the knowledge that reveals eternal reality, the realm unaffected by change and decay. He is in love with the whole of that reality, and will not willingly be deprived even of the most insignificant fragment of it - just like the lovers and men of ambition we described earlier on.",350
4,x,108,Plato,"Then may we not fairly plead in reply that our true lover of knowledge naturally strives for truth, and is not content with common opinion, but soars with undimmed and unwearied passion till he grasps the essential nature of things with the mental faculty fitted to do so, that is, with the faculty which is akin to reality, and which approaches and unites with it, and begets intelligence and truth as children, and is only released from travail when it has thus reached knowledge and true life and satisfaction?",513
3,x,109,Plato,And those whose hearts are fixed on Reality itself deserve the title of Philosophers.,85
5,x,110,Plato,"When the mind's eye rests on objects illuminated by truth and reality, it understands and comprehends them, and functions intelligently; but when it turns to the twilight world of change and decay, it can only form opinions, its vision is confused and its beliefs shifting, and it seems to lack intelligence.",308
2,,111,Plato,Love is simply the name for the desire and pursuit of the whole.,64
2,,112,Plato,"At the touch of love, everyone becomes a poet.",46
4,x,113,Plato,Love is born into every human being; it calls back the halves of our original nature together; it tries to make one out of two and heal the wound of human nature.,162
3,x,114,Plato,He whom love touches not walks in darkness.,43
2,,115,Plato,"Love is the joy of the good, the wonder of the wise, the amazement of the Gods.",79
2,,116,Plato,Beauty of style and harmony and grace and good rhythm depend on simplicity.,75
5,x,117,Plato,"When a beautiful soul harmonizes with a beautiful form, and the two are cast in one mould, that will be the fairest of sights to him who has the eye to contemplate the vision.",175
4,x,118,Plato,The power of the Good has taken refuge in the nature of the Beautiful.,70
2,,119,Plato,The contemplation of beauty causes the soul to grow wings.,58
4,x,120,Plato,"It seems to me that whatever else is beautiful apart from absolute beauty is beautiful because it partakes of that absolute beauty, and for no other reason.",156
2,,121,Plato,The good is the beautiful.,26
4,x,122,Plato,"For he who would proceed aright... should begin in youth to visit beautiful forms... out of that he should create fair thoughts; and soon he will of himself perceive that the beauty of one form is akin to the beauty of another, and that beauty in every form is one and the same.",278
2,,123,Confucius,The object of the superior man is truth.,40
4,x,124,Confucius,Those who know the truth are not equal to those who love it.,60
2,,125,Confucius,"Three things cannot long be hidden: the sun, the moon, and the truth.",69
2,,126,Confucius,Sincerity and truth are the basis of every virtue.,50
6,x,127,Confucius,"It is man that makes truth great, and not truth that makes man great.",69
2,,128,Confucius,To love a thing means wanting it to live.,41
5,x,129,Confucius,Can there be a love which does not make demands on its object?,62
2,x,130,Confucius,"Love others as you would love yourself, judge others as you would judge yourself, cherish others as you would cherish yourself. When you wish for others as you wish for yourself and when you protect others as you would protect yourself, that's when you can say it's true love.",276
3,x,131,Confucius,"When we are in love, we do not see the faults of our beloved.",61
2,,132,Confucius,Love is the foundation of all virtues.,38
2,,133,Confucius,"Everything has beauty, but not everyone sees it.",48
4,x,134,Confucius,Fine words and an insinuating appearance are seldom associated with true virtue.,80
5,x,135,Confucius,I have yet to meet a man as fond of high moral conduct as he is of outward appearances.,87
2,,136,Lao Tzu,"The truth is not always beautiful, nor beautiful words the truth.",65
3,x,137,Lao Tzu,The words of truth are always paradoxical.,42
4,x,138,Lao Tzu,Truthful words are not beautiful; beautiful words are not truthful. Good words are not persuasive; persuasive words are not good.,129
4,x,139,Lao Tzu,He who knows does not speak; he who speaks does not know.,57
2,,140,Lao Tzu,"Being deeply loved by someone gives you strength, while loving someone deeply gives you courage.",96
2,,141,Lao Tzu,"Love is of all passions the strongest, for it attacks simultaneously the head, the heart, and the senses.",105
2,,142,Lao Tzu,Kindness in words creates confidence. Kindness in thinking creates profoundness. Kindness in giving creates love.,113
2,,143,Lao Tzu,"Because of a great love, one is courageous.",43
2,,144,Lao Tzu,"Simplicity, patience, compassion. These three are your greatest treasures.",74
3,x,145,Lao Tzu,"When people see some things as beautiful, other things become ugly. When people see some things as good, other things become bad.",129
4,x,146,Lao Tzu,Under heaven all can see beauty as beauty only because there is ugliness. All can know good as good only because there is evil.,127
5,x,147,Lao Tzu,"When the people of the world all know beauty as beauty, there arises the recognition of ugliness. When they all know the good as good, there arises the recognition of evil.",172
5,x,148,Lao Tzu,"When beauty is defined, illusions of non-beauty manifest. When goodness is identified, badness becomes an option.",113
3,x,149,Lao Tzu,"All in the world know the beauty of the beautiful, and in doing this they have (the idea of) what ugliness is.",110
2,,150,Vyasa,One who speaks truth is righteous. There is nothing higher than truth.,70
4,x,151,Vyasa,Truth is one undeteriorating Brahma. Truth is the one undeteriorating Penance. Truth is the one undeteriorating sacrifice. Truth is the one undeteriorating Veda.,161
2,,152,Vyasa,"Truth alone triumphs, not falsehood.",36
3,x,153,Vyasa,A truth-telling person attains a life devoid of trouble.,56
4,x,154,Vyasa,"The desire to possess, the thirst for and the hankering after pleasure or the means thereof, preceded by a remembrance of the pleasure in one who has enjoyed it, is attachment.",176
5,x,155,Vyasa,"In all living beings exists the self-benediction, 'would that I were never to cease. May I live on.' And this self-benediction cannot exist in him who has not experienced the nature of death. And by this experience of a former life is inferred. This is the affliction of Love of Life, which flows by its own potency.",316
4,x,156,Vyasa,"Pleasure from the senses seems like nectar at first, but it is bitter as poison in the end.",91
4,x,157,Vyasa,"He who has let go of hatred, who treats all beings with kindness and compassion, who is always serene, unmoved by pain or pleasure, free of the 'I' and 'mine,' self-controlled, firm and patient, his whole mind focused on me--that is the man I love best.",253
2,,158,Vyasa,"When a person responds to the joys and sorrows of others as if they were his own, he has attained the highest state of spiritual union.",135
6,x,159,Vyasa,"O thou of beautiful face... Endued with unrivalled beauty and celestial grace of the most attractive kind, that face of thine is even like the full moon...",155
4,x,160,Vyasa,"The wise knowing the instability of youth and beauty, of life and treasure-hoards, of prosperity and the company of the loved ones, never covet them.",149
5,x,161,Vyasa,"To us all life is sacred and that sacred life is like Kali. Violent and gentle at once, savage slayer and tender lover, life and death... everything is beautiful. Immensely, indescribably, thrillingly, rapturously beautiful.",224
5,x,162,Vyasa,"Flowers, when offered to the deities gratify them immediately... they cause all the objects cherished by their worshippers to be immediately accomplished.",154
2,,163,Buddha,"Three things cannot be long hidden: the sun, the moon, and the truth.",69
4,x,164,Buddha,"Believe nothing, no matter where you read it, or who said it, no matter if I have said it, unless it agrees with your own reason and your own common sense.",155
3,x,165,Buddha,Do not believe in anything simply because you have heard it. Do not believe in anything simply because it is spoken and rumored by many. ,137
2,,166,Buddha,"Conquer anger by love, evil by good; conquer the miser with liberality, and the liar with truth.",96
2,,167,Buddha,The gift of truth excels all other gifts.,41
2,,168,Buddha,"Hatred does not cease by hatred, but only by love; this is the eternal rule.",76
2,,169,Buddha,"Radiate boundless love towards the entire world -- above, below, and across -- unhindered, without ill will, without enmity.",124
2,,170,Buddha,"Just as a mother would protect her only child with her life, even so let one cultivate a boundless love towards all beings.",123
2,,171,Buddha,"You, yourself, as much as anybody in the entire universe, deserve your love and affection.",90
6,x,172,Buddha,"If you truly loved yourself, you could never hurt another.",58
2,,173,Buddha,Love is a gift of one's innermost soul to another so both can be whole.,71
2,,174,Buddha,In separateness lies the world's great misery; in compassion lies the world's true strength.,92
2,,175,Buddha,Let a man overcome anger by love.,33
2,,176,Buddha,"If we could see the miracle of a single flower clearly, our whole life would change.",84
2,,177,Buddha,"Like a fine flower, beautiful to look at but without scent, fine words are fruitless in a man who does not act in accordance with them.",135
2,,178,Buddha,"Love is beauty and beauty is truth, and that is why in the beauty of a flower we can see the truth of the universe.",115
2,,179,Buddha,Fashion your life as a garland of beautiful deeds.,50
2,,180,Buddha,The only lasting beauty is the beauty of the heart.,51
2,,181,King Solomon,"Do not let kindness and truth leave you; Bind them around your neck, Write them on the tablet of your heart.",108
3,x,182,King Solomon,"A righteous man hates lying, But a wicked man is loathsome and comes to shame.",78
3,x,183,King Solomon,The tongue has the power of life and death.,43
6,x,184,King Solomon,The fear of the Lord is the beginning of wisdom.,48
2,,185,King Solomon,The man who walks with wise men becomes wise himself.,53
7,x,186,King Solomon,Thy love is better than wine.,29
2,,187,King Solomon,Many waters cannot quench love; rivers cannot sweep it away.,60
4,x,188,King Solomon,"Place me like a seal over your heart, like a seal on your arm; for love is as strong as death.",94
2,,189,King Solomon,"A friend loves at all times, and a brother is born for a time of adversity.",75
3,x,190,King Solomon,"Above all else, guard your heart, for everything you do flows from it.",70
7,x,191,King Solomon,Do not arouse or awaken love until it so desires.,49
5,x,192,King Solomon,A wife of noble character who can find? She is worth far more than rubies.,74
2,,193,King Solomon,"You are altogether beautiful, my darling; there is no flaw in you.",66
5,x,194,King Solomon,"How beautiful you are, my darling! Oh, how beautiful! Your eyes behind your veil are doves.",91
8,x,195,King Solomon,"How beautiful your sandaled feet, O prince's daughter! Your graceful legs are like jewels, the work of an artist's hands. Your navel is a rounded goblet that never lacks blended wine.",183
7,x,196,King Solomon,"Charm is deceptive, and beauty is fleeting; but a woman who fears the Lord is to be praised.",92
4,x,197,King Solomon,"She is more precious than rubies; nothing you desire can compare with her. Long life is in her right hand; in her left hand are riches and honor. Her ways are pleasant ways, and all her paths are peace. She is a tree of life to those who take hold of her; those who hold her fast will be blessed.",296
2,,198,Rumi,"That which is false troubles the heart, but truth brings joyous tranquility.",76
2,,199,Rumi,"This is a subtle truth. Whatever you love, you are.",51
2,,200,Rumi,"You are the Truth from foot to brow. Now, what else would you like to know?",75
2,,201,Rumi,A seeker of Truth looks beyond the apparent and contemplates the hidden.,72
2,,202,Rumi,The seeker of truth is a mirror for their neighbors.,52
2,,203,Rumi,"A pure heart, open to the Light, will be filled with the elixir of Truth.",73
2,,204,Rumi,Love is the bridge between you and everything.,46
2,,205,Rumi,"Your task is not to seek for love, but merely to seek and find all the barriers within yourself that you have built against it.",127
2,x,206,Rumi,"The minute I heard my first love story, I started looking for you, not knowing how blind that was. Lovers don't finally meet somewhere. They're in each other all along.",168
2,,207,Rumi,Let yourself be silently drawn by the stronger pull of that which you truly love.,81
2,,208,Rumi,"Close your eyes, fall in love, stay there.",42
4,x,209,Rumi,Reason is powerless in the expression of Love.,46
2,,210,Rumi,"In your light I learn how to love. In your beauty, how to make poems. ",70
2,,211,Rumi,"Love rests on no foundation. It is an endless ocean, with no beginning or end.",78
2,,212,Rumi,Goodbyes are only for those who love with their eyes. Because for those who love with heart and soul there is no such thing as separation.,138
2,,213,Rumi,Be certain that in the religion of Love there are no believers and unbelievers. Love embraces all.,98
2,,214,Rumi,Let the beauty of what you love be what you do.,47
2,,215,Rumi,Everything in the universe is a pitcher brimming with wisdom and beauty.,72
2,,216,Rumi,The only lasting beauty is the beauty of the heart.,51
2,,217,Rumi,"Beauty surrounds us, but usually we need to be walking in a garden to know it.",78
6,x,218,Rumi,"By God, when you see your beauty you will be the idol of yourself.",66
5,x,219,Rumi,"Whenever Beauty looks, Love is also there; Whenever beauty shows a rosy cheek Love lights Her fire from that flame.",115
2,,220,Rabindranath Tagore,"Facts are many, but the truth is one.",37
2,,221,Rabindranath Tagore,The water in a vessel is sparkling; the water in the sea is dark. The small truth has words which are clear; the great truth has great silence.,143
2,,222,Rabindranath Tagore,"If you shut your door to all errors, truth will be shut out.",60
2,,223,Rabindranath Tagore,The false can never grow into truth by growing in power.,56
2,,224,Rabindranath Tagore,Bigotry tries to keep truth safe in its hand with a grip that kills it.,71
2,,225,Rabindranath Tagore,Truth reveals itself in beauty.,31
2,,226,Rabindranath Tagore,The truth comes as conqueror only because we have lost the art of receiving it as guest.,88
2,,227,Rabindranath Tagore,"Love does not claim possession, but gives freedom.",50
2,,228,Rabindranath Tagore,"I seem to have loved you in numberless forms, numberless times, in life after life, in age after age forever.",109
2,,229,Rabindranath Tagore,"Love is an endless mystery, because there is no reasonable cause that could explain it.",87
2,,230,Rabindranath Tagore,"Love's gift cannot be given, it waits to be accepted.",53
2,,231,Rabindranath Tagore,Love is the only reality and it is not a mere sentiment. It is the ultimate truth that lies at the heart of creation.,117
2,,232,Rabindranath Tagore,You smiled and talked to me of nothing and I felt that for this I had been waiting long.,88
2,,233,Rabindranath Tagore,Let your love be like a moving sea between the shores of your souls.,68
2,,234,Rabindranath Tagore,"He who wants to do good, knocks at the gate; he who loves finds the door open.",78
2,,235,Rabindranath Tagore,"My heart, the bird of the wilderness, has found its sky in your eyes.",69
2,,236,Rabindranath Tagore,"Let this be my last word, that I trust in thy love.",51
2,,237,Rabindranath Tagore,Beauty is truth's smile when she beholds her own face in a perfect mirror.,74
2,,238,Rabindranath Tagore,"By plucking her petals, you do not gather the beauty of the flower.",67
2,,239,Rabindranath Tagore,"O Beauty, find thyself in love, not in the flattery of thy mirror.",66
2,,240,Rabindranath Tagore,Beauty is simply reality seen with the eyes of love.,52
3,x,241,Rabindranath Tagore,"When he has the power to see things detached from self-interest and from the insistent claims of the lust of the senses, then alone can he have the true vision of the beauty that is everywhere.",193
2,,242,Kahlil Gibran,"Say not, 'I have found the truth,' but rather, 'I have found a truth.'",70
2,,243,Kahlil Gibran,"A truth is to be known always, to be uttered sometimes.",55
2,,244,Kahlil Gibran,Truth is a deep kindness that teaches us to be content in our everyday life and share with the people the same happiness.,121
3,x,245,Kahlil Gibran,Many a doctrine is like a window pane. We see truth through it but it divides us from truth.,92
2,,246,Kahlil Gibran,"If you can see only what light reveals and hear only what sound announces, then in truth you do not see nor do you hear.",120
2,,247,Kahlil Gibran,"True light is that which radiates from within a man. It reveals the secrets of the soul to the soul and lets it rejoice in life, singing in the name of the Spirit.",163
3,x,248,Kahlil Gibran,"Love one another, but make not a bond of love: let it rather be a moving sea between the shores of your souls.",110
2,,249,Kahlil Gibran,Love possesses not nor would it be possessed; for love is sufficient unto love.,79
2,,250,Kahlil Gibran,Ever has it been that love knows not its own depth until the hour of separation.,80
2,,251,Kahlil Gibran,"If you love somebody, let them go, for if they return, they were always yours. If they don't, they never were.",110
2,,252,Kahlil Gibran,"When love beckons to you, follow him, though his ways are hard and steep.",73
2,,253,Kahlil Gibran,Beauty is eternity gazing at itself in a mirror. But you are eternity and you are the mirror.,93
4,x,254,Kahlil Gibran,Beauty is life when life unveils her holy face. But you are life and you are the veil.,86
2,,255,Kahlil Gibran,Beauty is not in the face; beauty is a light in the heart.,58
2,,256,Kahlil Gibran,"Beauty is that which attracts your soul, and that which loves to give and not to receive.",89
2,,257,Kahlil Gibran,Beauty shines brighter in the heart of him who longs for it than in the eyes of him who sees it.,96
2,,258,Percy Shelley,"In fact, the truth cannot be communicated until it is perceived.",64
3,x,259,Percy Shelley,Deep truth is imageless.,24
2,,260,Percy Shelley,"Life may change, but it may fly not; Hope may vanish, but can die not; Truth be veiled, but still it burneth; Love repulsed, - but it returneth!",144
4,x,261,Percy Shelley,Truth has always been found to promote the best interests of mankind.,69
5,x,262,Percy Shelley,"The practice of utter sincerity towards other men would avail to no good end, if they were incapable of practising it towards their own minds.",142
2,,263,Percy Shelley,Soul meets soul on lovers' lips.,32
2,,264,Percy Shelley,"All love is sweet, given or returned. Common as light is love, and its familiar voice wearies not ever.",103
6,x,265,Percy Shelley,Love is free; to promise for ever to love the same woman is not less absurd than to promise to believe the same creed; such a vow in both cases excludes us from all inquiry.,173
3,x,266,Percy Shelley,"Music, when soft voices die, Vibrates in the memory; Odours, when sweet violets sicken, Live within the sense they quicken. Rose leaves, when the rose is dead, Are heap'd for the belovèd's bed; And so thy thoughts, when thou art gone, Love itself shall slumber on.",265
3,x,267,Percy Shelley,"The fountains mingle with the river, And the rivers with the ocean; The winds of heaven mix forever, With a sweet emotion; Nothing in the world is single; All things, by a law divine, In one spirit meet and mingle. Why not I with thine?",236
2,,268,Percy Shelley,"What is Love? It is that powerful attraction towards all that we conceive, or fear, or hope beyond ourselves.",109
3,x,269,Percy Shelley,"I love Love -- though he has wings, And like light can flee, But above all other things, Spirit, I love thee -- Thou art love and life! Oh come, Make once more my heart thy home.",178
2,,270,Percy Shelley,"Poetry lifts the veil from the hidden beauty of the world, and makes familiar objects be as if they were not familiar.",118
5,x,271,Percy Shelley,"A lovely lady, garmented in light From her own beauty.",54
6,x,272,Percy Shelley,"Obscenity, which is ever blasphemy against the divine beauty in life, is a monster for which the corruption of society forever brings forth new food, which it devours in secret.",177
2,,273,Percy Shelley,"Spirit of BEAUTY, that dost consecrate With thine own hues all thou dost shine upon Of human thought or form, where art thou gone?",130
5,x,274,Percy Shelley,"The beauty of the internal nature cannot be so far concealed by its accidental vesture, but that the spirit of its form shall communicate itself to the very disguise and indicate the shape it hides from the manner in which it is worn.",234
5,x,275,Vincent van Gogh,"My great longing is to learn to make those very incorrectnesses, those deviations, remodellings, changes of reality, so that they may become, yes, untruth if you like--but more true than the literal truth.",205
3,x,276,Vincent van Gogh,I have played hell somewhat with the truthfulness of the colours.,65
2,,277,Vincent van Gogh,"To tell you the truth, I couldn't spare either the old- or the new-fashioned manner. Too many beautiful things have been done too unusually well for me to prefer one to the other systematically.",194
2,,278,Vincent van Gogh,"Love many things, for therein lies the true strength, and whosoever loves much performs much, and can accomplish much, and what is done in love is done well.",157
2,,279,Vincent van Gogh,There is nothing more truly artistic than to love people.,57
2,,280,Vincent van Gogh,"Love always brings difficulties, that is true, but the good side of it is that it gives energy.",95
2,,281,Vincent van Gogh,"Love is eternal, the aspect may change, but not the essence.",60
2,,282,Vincent van Gogh,I will not live without love.,29
2,,283,Vincent van Gogh,I long so much to make beautiful things. But beautiful things require effort and disappointment and perseverance.,113
2,,284,Vincent van Gogh,"If you truly love nature, you will find beauty everywhere.",58
2,,285,Vincent van Gogh,"Find things beautiful as much as you can, most people find too little beautiful.",80
2,,286,Vincent van Gogh,"It is good to love many things, for therein lies the true strength, and whosoever loves much performs much, and can accomplish much, and what is done in love is well done.",171
2,,287,Vincent van Gogh,I often think that the night is more alive and more richly colored than the day.,80
2,,288,Mahatma Gandhi,"Even if you are a minority of one, the truth is the truth.",58
2,,289,Mahatma Gandhi,"An error does not become truth by reason of multiplied propagation, nor does truth become error because nobody sees it.",119
4,x,290,Mahatma Gandhi,Truth never damages a cause that is just.,41
2,,291,Mahatma Gandhi,"Truth is by nature self-evident. As soon as you remove the cobwebs of ignorance that surround it, it shines clear.",114
4,x,292,Mahatma Gandhi,"In matters of conscience, the law of the majority has no place.",63
2,,293,Mahatma Gandhi,My religion is based on truth and non-violence. Truth is my God. Non-violence is the means of realizing Him.,108
2,,294,Mahatma Gandhi,"Truth alone will endure, all the rest will be swept away before the tide of time.",81
3,x,295,Mahatma Gandhi,The path of truth is as narrow as it is straight. Even so is that of ahimsa.,76
3,x,296,Mahatma Gandhi,Truth and nonviolence are perhaps the activist forces you have in the world.,76
2,,297,Mahatma Gandhi,"Truth is God, and truth overrides all our plans.",48
2,,298,Mahatma Gandhi,Where there is love there is life.,34
2,,299,Mahatma Gandhi,Love is the strongest force the world possesses and yet it is the humblest imaginable.,86
2,,300,Mahatma Gandhi,Whenever you are confronted with an opponent. Conquer him with love.,68
2,,301,Mahatma Gandhi,"Love never claims, it ever gives. Love ever suffers, never resents, never revenges itself.",90
2,,302,Mahatma Gandhi,Nothing is impossible for pure love.,36
3,x,303,Mahatma Gandhi,Power is of two kinds: one is obtained by the fear of punishment and the other by acts of love.,95
2,,304,Mahatma Gandhi,Hatred can be overcome only by love.,36
3,x,305,Mahatma Gandhi,The law of love could be best understood and learned through little children.,77
5,x,306,Mahatma Gandhi,"When I admire the wonders of a sunset or the beauty of the moon, my soul expands in the worship of the creator.",111
2,,307,Mahatma Gandhi,True beauty consists of purity of heart.,40
2,,308,Mahatma Gandhi,"To a true artist only that face is beautiful which, quite apart from its exterior, shines with the truth within the soul.",121
2,,309,Mahatma Gandhi,"Truth is the first thing to be sought for, and Beauty and Goodness will then be added unto you.",95
2,,310,Mahatma Gandhi,"All truths, not merely ideas, but truthful faces, truthful pictures or songs, are highly beautiful.",99
2,,311,Mahatma Gandhi,There is no beauty in the finest cloth if it makes hunger and unhappiness.,74
2,,312,Oscar Wilde,The truth is rarely pure and never simple.,42
6,x,313,Oscar Wilde,"If you want to tell people the truth, make them laugh, otherwise they'll kill you.",82
4,x,314,Oscar Wilde,"Man is least himself when he talks in his own person. Give him a mask, and he will tell you the truth.",102
2,,315,Oscar Wilde,"If one tells the truth, one is sure, sooner or later, to be found out.",70
6,x,316,Oscar Wilde,Truth is independent of facts always.,37
2,,317,Oscar Wilde,Keep love in your heart. A life without it is like a sunless garden when the flowers are dead.,94
2,,318,Oscar Wilde,To love oneself is the beginning of a lifelong romance.,55
2,,319,Oscar Wilde,The very essence of romance is uncertainty.,43
2,,320,Oscar Wilde,"Who, being loved, is poor?",26
8,x,321,Oscar Wilde,"Women are meant to be loved, not to be understood.",50
6,x,322,Oscar Wilde,Men always want to be a woman's first love. That is their clumsy vanity. We women have a more subtle instinct about things.,123
5,x,323,Oscar Wilde,"When one is in love, one always begins by deceiving one's self, and one always ends by deceiving others. That is what the world calls a romance.",144
2,,324,Oscar Wilde,The mystery of love is greater than the mystery of death.,57
4,x,325,Oscar Wilde,The heart was made to be broken.,32
7,x,326,Oscar Wilde,"Between men and women there is no friendship possible. There is passion, enmity, worship, love, but no friendship.",114
3,x,327,Oscar Wilde,"Beauty is a form of Genius--is higher, indeed, than Genius, as it needs no explanation.",87
5,x,328,Oscar Wilde,People say sometimes that Beauty is superficial. That may be so. But at least it is not so superficial as Thought is.,117
2,,329,Oscar Wilde,Beauty is the only thing that time cannot harm.,47
4,x,330,Oscar Wilde,Those who find ugly meanings in beautiful things are corrupt without being charming. This is a fault.,101
4,x,331,Oscar Wilde,"Beauty reveals everything, because it expresses nothing.",56
6,x,332,Charlotte Brontë,"Whether truth--be it religious or moral truth--speak eloquently and in well-chosen language or not, its voice should be heard with reverence.",141
4,x,333,Charlotte Brontë,"To speak truth, reader, there is no excellent beauty, no accomplished grace, no refinement, without strength as excellent, as complete, as trustworthy.",151
2,,334,Charlotte Brontë,"And yet there were fragments of truth here and there which satisfied the conscience, and gleams of light that cheered the vision.",129
4,x,335,Charlotte Brontë,Conventionality is not morality. Self-righteousness is not religion. To attack the first is not to assail the last... appearance should not be mistaken for truth.,162
4,x,336,Charlotte Brontë,"The soul, fortunately, has an interpreter--often an unconscious, but still a truthful interpreter--in the eye.",110
5,x,337,Charlotte Brontë,I have for the first time found what I can truly love--I have found you. You are my sympathy--my better self--my good angel--I am bound to you with a strong attachment.,168
3,x,338,Charlotte Brontë,Every atom of your flesh is as dear to me as my own: in pain and sickness it would still be dear.,97
5,x,339,Charlotte Brontë,"I ask you to pass through life at my side--to be my second self, and best earthly companion.",92
2,,340,Charlotte Brontë,"Love is real--the most real, the most lasting, the sweetest and yet the bitterest thing we know.",96
2,,341,Charlotte Brontë,"There is no happiness like that of being loved by your fellow creatures, and feeling that your presence is an addition to their comfort.",136
2,,342,Charlotte Brontë,"A beauty neither of fine colour nor long eyelash, nor pencilled brow, but of meaning, of movement, of radiance.",111
5,x,343,Charlotte Brontë,"Most true is it that 'beauty is in the eye of the gazer.' My master's colourless, olive face, square, massive brow, broad and jetty eyebrows, deep eyes, strong features, firm, grim mouth,--all energy, decision, will,--were not beautiful, according to rule; but they were more than beautiful to me; they were full of an interest, an influence that quite mastered me.",365
7,x,344,Charlotte Brontë,"To women who please me only by their faces, I am the very devil when I find out they have neither souls nor hearts.",115
3,x,345,Jane Austen,"Seldom, very seldom, does complete truth belong to any human disclosure; seldom can it happen that something is not a little disguised, or a little mistaken.",157
4,x,346,Jane Austen,"Do not consider me now as an elegant female intending to plague you, but as a rational creature speaking the truth from her heart.",130
5,x,347,Jane Austen,"Facts or opinions which are to pass through the hands of so many, to be misconceived by folly in one, and ignorance in another, can hardly have much truth left.",160
2,,348,Jane Austen,There is no charm equal to tenderness of heart.,47
3,x,349,Jane Austen,In vain have I struggled. It will not do. My feelings will not be repressed. You must allow me to tell you how ardently I admire and love you.,142
6,x,350,Jane Austen,"A lady's imagination is very rapid; it jumps from admiration to love, from love to matrimony in a moment.",105
2,,351,Jane Austen,To be fond of dancing was a certain step towards falling in love.,65
4,x,352,Jane Austen,"If I loved you less, I might be able to talk about it more.",59
4,x,353,Jane Austen,"You pierce my soul. I am half agony, half hope... I have loved none but you.",76
2,,354,Jane Austen,We are all fools in love.,25
2,,355,Jane Austen,"I cannot fix on the hour, or the spot, or the look, or the words, which laid the foundation. It is too long ago. I was in the middle before I knew that I had begun.",164
2,,356,Jane Austen,"There could have been no two hearts so open, no tastes so similar, no feelings so in unison.",92
3,x,357,Jane Austen,"It is not time or opportunity that is to determine intimacy; it is disposition alone. Seven years would be insufficient to make some people acquainted with each other, and seven days are more than enough for others.",215
5,x,358,Jane Austen,I have been meditating on the very great pleasure which a pair of fine eyes in the face of a pretty woman can bestow.,117
5,x,359,Jane Austen,To look almost pretty is an acquisition of higher delight to a girl who has been looking plain for the first fifteen years of her life than a beauty from her cradle can ever receive.,182
6,x,360,Jane Austen,"When a woman has five grown-up daughters, she ought to give over thinking of her own beauty.",92
8,x,361,Jane Austen,"Woman is fine for her own satisfaction alone. No man will admire her the more, no woman will like her the better for it.",120
3,x,362,Jane Austen,It sometimes happens that a woman is handsomer at twenty-nine than she was ten years before.,92
6,x,363,Christina Rossetti,"She gave up beauty in her tender youth, gave all her hope and joy and pleasant ways; she covered up her eyes lest they should gaze on vanity, and chose the bitter truth.",169
5,x,364,Christina Rossetti,"I might show facts as plain as day: but, since your eyes are blind, you'd say, 'Where? What?' and turn away.",108
6,x,365,Christina Rossetti,"I believe because I am told to believe ... My faith is faith; it is not evolved out of argumentation, nor does it seek the aid of that.",135
3,x,366,Christina Rossetti,Love shall be our token; love be yours and love be mine.,56
2,,367,Christina Rossetti,What is the beginning? Love. What is the course. Love still. What the goal. The goal is love.,93
5,x,368,Christina Rossetti,"For one man is my world of all the men this wide world holds; O love, my world is you.",86
4,x,369,Christina Rossetti,"Love came down at Christmas, Love all lovely, Love Divine; Love was born at Christmas; Star and angels gave the sign.",117
4,x,370,Christina Rossetti,"Love loves for ever, And finds a sort of joy in pain, And gives with nought to take again, And loves too well to end in vain.",125
6,x,371,Christina Rossetti,"While roses are so red, / While lilies are so white, / Shall a woman exalt her face / Because it gives delight?",111
5,x,372,Christina Rossetti,Time will win the race he runs with her / And hide her away in a shroud.,72
6,x,373,Christina Rossetti,"She gave up beauty in her tender youth, / Gave all her hope and joy and pleasant ways; / She covered up her eyes lest they should gaze / On vanity, and chose the bitter truth.",175
3,x,374,Christina Rossetti,"The rose saith in the dewy morn, / I am most fair; / Yet all my loveliness is born / Upon a thorn.",98
2,,375,William Shakespeare,"To thine own self be true, / And it must follow, as the night the day, / Thou canst not then be false to any man.",113
2,,376,William Shakespeare,Truth is truth / To the end of reckoning.,41
5,x,377,William Shakespeare,"O, while you live, tell truth, and shame the Devil!",51
4,x,378,William Shakespeare,"But 'tis strange: / And oftentimes, to win us to our harm, / The instruments of darkness tell us truths, / Win us with honest trifles, to betray's / In deepest consequence.",172
3,x,379,William Shakespeare,"Truth needs no colour, with his colour fix'd; / Beauty no pencil, beauty's truth to lay; / But best is best, if never intermix'd.",129
5,x,380,William Shakespeare,"When my love swears that she is made of truth, / I do believe her, though I know she lies.",90
2,,381,William Shakespeare,The course of true love never did run smooth.,45
2,,382,William Shakespeare,"Love looks not with the eyes, but with the mind, / And therefore is winged Cupid painted blind.",95
2,,383,William Shakespeare,"If music be the food of love, play on.",38
2,,384,William Shakespeare,Love is a smoke made with the fume of sighs.,44
2,,385,William Shakespeare,"My bounty is as boundless as the sea, / My love as deep; the more I give to thee, / The more I have, for both are infinite.",123
2,,386,William Shakespeare,"Love all, trust a few, do wrong to none.",40
2,,387,William Shakespeare,"Love sought is good, but given unsought is better.",50
2,,388,William Shakespeare,Doubt thou the stars are fire; / Doubt that the sun doth move; / Doubt truth to be a liar; / But never doubt I love.,116
2,,389,William Shakespeare,"Love is blind, and lovers cannot see / The pretty follies that themselves commit.",81
4,x,390,William Shakespeare,"One half of me is yours, the other half yours1 / Mine own, I would say; but if mine, then yours, / And so all yours.",117
4,x,391,William Shakespeare,Beauty is bought by judgment of the eye.,40
2,,392,William Shakespeare,Beauty lives with kindness.,27
3,x,393,William Shakespeare,Beauty itself doth of itself persuade the eyes of men without an orator.,72
6,x,394,William Shakespeare,"Virtue is beauty, but the beauteous evil are empty trunks o'erflourished by the devil.",86
7,x,395,William Shakespeare,"Let witchcraft join with beauty, lust with both!",48
6,x,396,William Shakespeare,For where is any author in the world teaches such beauty as a woman's eye?,74
5,x,397,William Shakespeare,"Beauty's a doubtful good, a glass, a flower, lost, faded, broken, dead within an hour; and beauty, blemish'd once, for ever's lost, in spite of physic, painting, pain, and cost.",177
4,x,398,William Shakespeare,"Were beauty under twenty locks kept fast, yet love breaks through and picks them all at last.",93
2,,399,William Shakespeare,"The most peerless piece of earth, I think, that e'er the sun shone bright on.",77
5,x,400,William Shakespeare,"Tis beauty truly blent, whose red and white nature's own sweet and cunning hand laid on.",88
6,x,401,William Shakespeare,"Look on beauty, and you shall see 'tis purchased by the weight, which therein works a miracle in nature, making them lightest that wear most of it.",147
4,x,402,William Shakespeare,"To me, fair friend, you never can be old, for as you were when first your eye I ey'd, such seems your beauty still.",115
2,,403,William Shakespeare,"If I could write the beauty of your eyes and in fresh numbers number all your graces, the age to come would say, 'This poet lies; such heavenly touches ne'er touch'd earthly faces.'",181
4,x,404,William Shakespeare,"See how she leans her cheek upon her hand. O, that I were a glove upon that hand that I might touch that cheek!",111
8,x,405,William Shakespeare,"She's beautiful, and therefore to be wooed; she is a woman, therefore to be won.",80
4,x,406,William Shakespeare,"What a piece of work is a man, how noble in reason, how infinite in faculties, in form and moving how express and admirable, in action how like an angel, in apprehension how like a god.",185
3,x,407,Henry David Thoreau,"Say what you have to say, not what you ought. Any truth is better than make-believe.",84
2,,408,Henry David Thoreau,"Rather than love, than money, than fame, give me truth.",55
2,,409,Henry David Thoreau,"It takes two to speak the truth: one to speak, and another to hear.",67
3,x,410,Henry David Thoreau,Truth never turns to rebuke falsehood; her own straightforwardness is the severest correction.,94
6,x,411,Henry David Thoreau,"Truth is always in harmony with herself, and is not concerned chiefly to reveal the justice that may consist with wrong-doing.",126
5,x,412,Henry David Thoreau,"The lawyer's truth is not Truth, but consistency or a consistent expediency.",76
3,x,413,Henry David Thoreau,The rarest quality in an epitaph is truth.,42
2,,414,Henry David Thoreau,There is no remedy for love but to love more.,45
2,,415,Henry David Thoreau,Love must be as much a light as it is a flame.,46
4,x,416,Henry David Thoreau,Ignorance and bungling with love are better than wisdom and skill without.,74
3,x,417,Henry David Thoreau,I love that one with whom I sympathize.,39
2,,418,Henry David Thoreau,How insufficient is all wisdom without love.,44
4,x,419,Henry David Thoreau,"Love is the profoundest of secrets. Divulged, even to the beloved, it is no longer Love.",88
2,,420,Henry David Thoreau,"The object of love expands and grows before us to eternity, until it includes all that is lovely, and we become all that can love.",130
2,,421,Henry David Thoreau,A lake is a landscape's most beautiful and expressive feature. It is Earth's eye; looking into which the beholder measures the depth of his own nature.,151
2,,422,Henry David Thoreau,Beauty is where it is perceived.,32
4,x,423,Henry David Thoreau,The perception of beauty is a moral test.,41
2,,424,Henry David Thoreau,"There is just as much beauty visible to us in the landscape as we are prepared to appreciate, and not a grain more.",115
4,x,425,Henry David Thoreau,Glances of true beauty can be seen in the faces of those who live in true meekness.,83
3,x,426,Aesop,"A liar will not be believed, even when he speaks the truth.",59
2,,427,Aesop,"Every truth has two sides; it is as well to look at both, before we commit ourselves to either.",95
2,,428,Aesop,Appearances are often deceiving.,32
3,x,429,Aesop,No one believes a liar even when he tells the truth.,52
2,,430,Aesop,Facts speak plainer than words.,31
4,x,431,Aesop,Love can tame the wildest.,26
3,x,432,Aesop,Affairs are easier of entrance than of exit; and it is but common prudence to see our way out before we venture in.,115
7,x,433,Aesop,The Lion was so much in love that he had his claws trimmed and his big teeth taken out for her.,95
4,x,434,Aesop,Do not expect constancy in others if you have none yourself.,60
4,x,435,Aesop,Equals make the best friends.,29
2,,436,Aesop,It is not only fine feathers that make fine birds.,50
2,,437,Aesop,Handsome looks are of little worth without sense.,49
2,,438,Aesop,Outside show is a poor substitute for inner worth.,50
3,x,439,Aesop,A fine coat is not always an indication of an attractive mind.,62
2,,440,Bashō,There is nothing you can see that is not a flower; there is nothing you can think that is not the moon.,103
2,,441,Bashō,Do not seek to follow in the footsteps of the wise. Seek what they sought.,74
2,,442,Bashō,"What is important is to keep our mind high in the world of true understanding, and returning to the world of our daily experience to seek therein the truth of beauty.",166
2,,443,Bashō,"Go to the pine if you want to learn about the pine, or to the bamboo if you want to learn about the bamboo. And in doing so, you must leave your subjective preoccupation with yourself.",184
2,,444,Bashō,Seek not the paths of the ancients; Seek that which the ancients sought.,72
6,x,445,Bashō,Easing in her slender forearm for his pillow,44
2,,446,Bashō,"Leaf-wrapping the rice cakes, with one hand she tucks back her hair",67
3,x,447,Bashō,"Girl cat, so thin on love and barley",36
2,,448,Bashō,"Wake, butterfly--it's late, we've miles to go together",54
2,,449,Bashō,"Come, see real flowers of this painful world",44
2,,450,Bashō,Real poetry is to lead a beautiful life. To live poetry is better than to write it.,83
2,,451,Bashō,"Make the universe your companion, always bearing in mind the true nature of things--mountains and rivers, trees and grasses, and humanity--and enjoy the falling blossoms and the scattering leaves.",196
6,x,452,Bashō,"How I long to see among dawn flowers, the face of God.",54
3,x,453,William Hogarth,A great many people seem to delight most in what they least understand.,71
4,x,454,William Hogarth,All the world is competent to judge my pictures except those who are of my profession.,86
4,x,455,William Hogarth,"It is by the natural and unaffected movements of the muscles, caused by the passions of the mind, that every man's character would in some measure be written in his face, by the time he arrives at forty years of age.",216
2,,456,William Hogarth,How great a share variety has in producing beauty may be seen in the ornamental part of nature.,95
2,,457,William Hogarth,"Simplicity, without variety, is wholly insipid.",47
2,,458,William Hogarth,"The serpentine line, or the line of grace, by its waving and winding at the same time different ways, leads the eye in a pleasing manner along the continuity of its variety.",173
2,,459,William Hogarth,"Straight lines vary only in length, and therefore are least ornamental.",71
4,x,460,William Hogarth,"It may be imagined that the greatest part of the effects of beauty results from the symmetry of parts in the object, which is beautiful: but I am very well persuaded, this prevailing notion will soon appear to have little or no foundation.",239
2,x,461,Gotthold Ephraim Lessing,"The true value of a man is not determined by his possession, supposed or real, of Truth, but rather by his sincere exertion to get to the Truth. It is not possession of the Truth, but rather the pursuit of Truth by which he extends his powers and in which his ever-growing perfectibility is to be found.",303
4,x,462,Gotthold Ephraim Lessing,"If God were to hold all Truth concealed in his right hand, and in his left only the steady and diligent drive for Truth, albeit with the proviso that I would always and forever err in the process, and offer me the choice, I would with all humility take the left hand, and say: Father, I will take this one--the pure Truth is for You alone.",339
2,,463,Gotthold Ephraim Lessing,The search for truth is more precious than its possession.,58
5,x,464,Gotthold Ephraim Lessing,Absolute truth belongs to Thee alone.,37
4,x,465,Gotthold Ephraim Lessing,"Let each man say what he deems truth, and let truth itself be commended unto God.",81
5,x,466,Gotthold Ephraim Lessing,"Trust no friend without faults, and love a maiden, but no angel.",64
4,x,467,Gotthold Ephraim Lessing,"Let us be lazy in everything, except in loving and drinking, except in being lazy.",82
2,,468,Gotthold Ephraim Lessing,What is a hero without love for mankind?,40
2,,469,Gotthold Ephraim Lessing,For me the greatest beauty always lies in the greatest clarity.,63
7,x,470,Gotthold Ephraim Lessing,Nature meant woman to be her masterpiece.,41
7,x,471,Gotthold Ephraim Lessing,A blush is the sign which Nature hangs out to show where chastity and honor dwell.,82
2,,472,Gotthold Ephraim Lessing,"The more we see the more we must be able to imagine, and the more we imagine, the more we must think we see.",108
2,,473,Johann Winckelmann,Unity and simplicity are the two true sources of beauty.,56
4,x,474,Johann Winckelmann,"Color contributes to beauty, but it is not beauty. Color should have a minor part in the consideration of beauty, because it is not color but the structure that constitutes its essence.",185
5,x,475,Johann Winckelmann,"The only way for us to become great, or even inimitable if possible, is to imitate the Greeks.",94
2,,476,Johann Winckelmann,Friendship without love is mere acquaintanceship.,49
6,x,477,Johann Winckelmann,"From the first moment an indescribable attraction towards you, excited by something more than form and feature, caused me to catch an echo of that harmony which passes human understanding and which is the music of the everlasting concord of things... I was aware of the deep consent of our spirits, the instant I saw you.",321
5,x,478,Johann Winckelmann,"No name by which I might call you would be sweet enough or sufficient for my love; all that I could say would be far too feeble to give utterance to my heart and soul. Truly friendship came from heaven and was not created by mere human impulses... My one friend, I love you more than any living thing, and time nor chance nor age can ever lessen this love.",356
7,x,479,Johann Winckelmann,"I have noticed that those who are aware only of beauty in women, and are moved little or not at all by the beauty of our sex, seldom have an impartial, innate instinct for the beauty of art. To such a person the beauty of Greek art will ever seem lacking, because its greatest beauty is male rather than female.",311
5,x,480,Johann Winckelmann,Grace can never properly be said to exist without beauty; for it is only in the elegant proportions of beautiful forms that can be found that harmonious variety of line and motion which is the essence and charm of grace.,220
5,x,481,Johann Winckelmann,"Expression is an imitation of the active and suffering states of our minds and our bodies and of passions as well as deeds... Stillness is the state most proper to beauty, as it is to the sea, and experience shows that the most beautiful beings are of a still and well-mannered nature.",285
2,,482,Aristotle,"To say of what is that it is not, or of what is not that it is, is false, while to say of what is that it is, and of what is not that it is not, is true.",153
4,x,483,Aristotle,"For though we love both the truth and our friends, piety requires us to honor the truth first.",94
3,x,484,Aristotle,The least initial deviation from the truth is multiplied later a thousandfold.,78
4,x,485,Aristotle,Some men are just as sure of the truth of their opinions as are others of what they know.,89
2,,486,Aristotle,"With the truth, all the given facts harmonize; but with what is false, the truth soon hits a wrong note.",104
4,x,487,Aristotle,Love is composed of a single soul inhabiting two bodies.,56
4,x,488,Aristotle,To love someone is to identify with them.,41
3,x,489,Aristotle,Friendship is essentially a partnership.,40
3,x,490,Aristotle,Misfortune shows those who are not really friends.,50
2,,491,Aristotle,"Wishing to be friends is quick work, but friendship is a slow ripening fruit.",77
3,x,492,Aristotle,"The chief forms of beauty are order and symmetry and definiteness, which the mathematical sciences demonstrate in a special degree.",131
4,x,493,Aristotle,"Beauty depends on size as well as symmetry. No very small animal can be beautiful, for looking at it takes so small a portion of time that the impression of it will be confused. Nor can any very large one, for a whole view of it cannot be had at once, and so there will be no unity and completeness.",299
3,x,494,Aristotle,Beauty is a greater recommendation than any letter of introduction.,67
4,x,495,Aristotle,"Suffering becomes beautiful when anyone bears great calamities with cheerfulness, not through insensibility but through greatness of mind.",138
6,x,496,Aristotle,"Personal beauty requires that one should be tall; little people may have charm and elegance, but beauty10.",107
5,x,497,Francis Bacon,What is truth? said jesting Pilate; and would not stay for an answer.,69
5,x,498,Francis Bacon,"Truth is a naked and open daylight, that doth not show the masks and mummeries and triumphs of the world, half so stately and daintily as candlelights.",151
3,x,499,Francis Bacon,"The inquiry of truth, which is the love-making, or wooing of it; the knowledge of truth, which is the presence of it; and the belief of truth, which is the enjoying of it--is the sovereign good of human nature.",210
2,,500,Francis Bacon,Truth emerges more readily from error than from confusion.,58
2,,501,Francis Bacon,"Truth is the daughter of time, not of authority.",48
2,,502,Francis Bacon,Science is but an image of the truth.,37
2,,503,Francis Bacon,No pleasure is comparable to the standing upon the vantage-ground of truth.,75
6,x,504,Francis Bacon,It is impossible to love and to be wise.,40
6,x,505,Francis Bacon,"Nuptial love maketh mankind; friendly love perfecteth it; but wanton love corrupteth, and embaseth it.",102
5,x,506,Francis Bacon,"For it is a true rule, that love is ever rewarded, either with the reciproque, or with an inward and secret contempt.",117
5,x,507,Francis Bacon,"Why should a man be in love with his fetters, though of gold?",61
5,x,508,Francis Bacon,"The stage is more beholding to love than the life of man. For as to the stage, love is ever matter of comedies and now and then of tragedies; but in life it doth much mischief, sometimes like a Siren, sometimes like a Fury.",223
2,,509,Francis Bacon,There is no excellent beauty that hath not some strangeness in the proportion.,78
2,,510,Francis Bacon,The best part of beauty is that which no picture can express.,61
6,x,511,Francis Bacon,"Beauty is as summer fruits, which are easy to corrupt, and cannot last; and for the most part it makes a dissolute youth, and an age a little out of countenance; but yet certainly again, if it light well, it maketh virtue shine, and vices blush.",245
2,,512,Francis Bacon,Beauty itself is but the sensible image of the Infinite.,56
5,x,513,Francis Bacon,"Virtue is like a rich stone, best plain set; and surely virtue is best, in a body that is comely, though not of delicate features; and that hath rather dignity of presence, than beauty of aspect.",195
4,x,514,Robert Graves,"Fact is not truth, but a poet who willfully defies fact cannot achieve truth.",77
5,x,515,Robert Graves,"His function is truth, whereas the scholar's is fact. Fact is not to be gainsaid; one may put it in this way, that fact is a Tribune of the People with no legislative right, but only the right of veto.",201
6,x,516,Robert Graves,Truth-loving Persians do not dwell upon the trivial skirmish fought near Marathon.,82
5,x,517,Robert Graves,"Love is a universal migraine. A bright stain on the vision, blotting out reason.",80
5,x,518,Robert Graves,Love is a universal migraine. A bright stain on the vision Blotting out reason.,79
4,x,519,Robert Graves,Lovers to-day and for all time preserve the meaning of my rhyme: Love is not kindly nor yet grim but does to you as you to him.,127
4,x,520,Robert Graves,"Love and honor. They are the two great things, and now they're dimmed and blighted. Today, love is just sex and sentimentality. Love is really a recognition of truth, a recognition of another person's integrity and truth in a way that... makes both of you light up when you recognize the quality in the other. That's what love is. It's a recognition of singularity... And love is giving and giving and giving... not looking for any return. Until you do that, you can't love.",474
5,x,521,Robert Graves,Love at first sight'some say misnaming discovery of twinned helplessness against the huge tug of procreation. But friendship at first sight? This also catches fiercely at the surprised heart so that the cheek blanches then blushes.,231
7,x,522,Robert Graves,"As you are woman, so be lovely: As you are lovely, so be various, merciful as constant, constant as various, so be mine, as I yours for ever.",141
7,x,523,Robert Graves,"As you are woman, so be lovely: As you are lovely, so be various, Merciful as constant, constant as various, So be mine, as I yours for ever.",141
4,x,524,Robert Graves,"Take your delight in momentariness, Walk between dark and dark a shining space With the grave's narrowness, though not its peace.",129
3,x,525,Robert Graves,"She tells her love while half asleep, In the dark hours, With half-words whispered low: As Earth stirs in her winter sleep And puts out grass and flowers Despite the snow, Despite the falling snow.",197
4,x,526,L. M. Montgomery,"Truth exists, only lies have to be invented.",44
4,x,527,L. M. Montgomery,Gossip lies nine times and tells a half truth the tenth.,56
4,x,528,L. M. Montgomery,Ye shall know the truth and the truth shall make you free.,58
5,x,529,L. M. Montgomery,A woman who has a sense of humor possesses no refuge from the merciless truth about herself.,92
5,x,530,L. M. Montgomery,Don't believe in imagining things different from what they really are.,70
2,,531,L. M. Montgomery,"I don't want sunbursts or marble halls, I just want you.",56
3,x,532,L. M. Montgomery,"Perhaps, after all, romance did not come into one's life with pomp and blare, like a gay knight riding down; perhaps it crept to one's side like an old friend through quiet ways; perhaps... love unfolded naturally out of a beautiful friendship, as a golden-hearted rose slipping from its green sheath.",301
3,x,533,L. M. Montgomery,To love is easy and therefore common--but to understand--how rare it is!,72
4,x,534,L. M. Montgomery,I think... that we always love best the people who need us.,59
2,,535,L. M. Montgomery,You were never poor as long as you had something to love.,57
2,,536,L. M. Montgomery,I'm so thankful for friendship. It beautifies life so much.,59
6,x,537,L. M. Montgomery,I love pretty things; and I hate to look in the glass and see something that isn't pretty. It makes me feel so sorrowful--just as I feel when I look at any ugly thing. I pity it because it isn't beautiful.,205
5,x,538,L. M. Montgomery,"Brains last, beauty doesn't.",28
2,x,539,L. M. Montgomery,"There is so much in the world for us all if we only have the eyes to see it, and the heart to love it, and the hand to gather it to ourselves--so much in men and women, so much in art and literature, so much everywhere in which to delight, and for which to be thankful.",269
2,,540,L. M. Montgomery,Night is beautiful when you are happy--comforting when you are in grief--terrible when you are lonely and unhappy.,114
3,x,541,Maya Angelou,There's a world of difference between truth and facts. Facts can obscure the truth.,83
2,,542,Maya Angelou,The truth brings the past into the present and prepares us for the future. That's what truth does.,98
2,,543,Maya Angelou,Let me tell so much truth. I want to tell the truth in my work. The truth will lead me to all.,94
6,x,544,Maya Angelou,"The truth is very important. No matter how negative it is, it is imperative that you learn the truth, not necessarily the facts. I mean, that, that can come, but facts can stand in front of the truth and almost obscure the truth. It is imperative that students learn the truth of our history.",292
6,x,545,Maya Angelou,Never let the facts alone obscure the truth of your narrative. The truth is what your life really felt like.,108
2,,546,Maya Angelou,"Love recognizes no barriers. It jumps hurdles, leaps fences, penetrates walls to arrive at its destination full of hope.",120
2,,547,Maya Angelou,"In the flush of love's light, we dare be brave. And suddenly we see that love costs all we are and will ever be. Yet it is only love which sets us free.",152
2,,548,Maya Angelou,I know for sure that love saves me and that it is here to save us all.,70
5,x,549,Maya Angelou,Love is like a virus. It can happen to anybody at any time.,59
2,,550,Maya Angelou,Have enough courage to trust love one more time and always one more time.,73
2,,551,Maya Angelou,"If you have only one smile in you, give it to the people you love.",66
2,,552,Maya Angelou,"In all the world, there is no heart for me like yours. In all the world, there is no love for you like mine.",108
2,,553,Maya Angelou,"We delight in the beauty of the butterfly, but rarely admit the changes it has gone through to achieve that beauty.",115
2,,554,Maya Angelou,"Open your eyes to the beauty around you, open your mind to the wonders of life, open your heart to those who love you, and always be true to yourself.",150
1,,555,Maya Angelou,In diversity there is beauty and there is strength.,51
2,,556,Maya Angelou,You alone are enough. You have nothing to prove to anybody.,59
2,,557,Maya Angelou,"Success is liking yourself, liking what you do, and liking how you do it.",73
4,x,558,Chinua Achebe,There is no story that is not true.,35
2,,559,Chinua Achebe,"If you only hear one side of the story, you have no understanding at all.",73
2,,560,Chinua Achebe,One of the truest tests of integrity is its blunt refusal to be compromised.,76
4,x,561,Chinua Achebe,"Until the lions have their own historians, the history of the hunt will always glorify the hunter.",98
6,x,562,Chinua Achebe,In the end I began to understand. There is such a thing as absolute power over narrative.,89
7,x,563,Chinua Achebe,"If I hold her hand she says, 'Don't touch!' If I hold her foot she says 'Don't touch!' But when I hold her waist-beads she pretends not to know.",144
5,x,564,Chinua Achebe,Until Obi met Clara on board the cargo boat Sasa he had thought of love as another grossly over-rated European invention.,121
2,,565,Chinua Achebe,"I can't marry you,"" she said suddenly, as Obi tried to kiss her under the tall frangipani tree at the edge of the swimming pool, and exploded into tears.",153
4,x,566,Chinua Achebe,"Not, even my mother can stop me,"" he said as he lay down beside Joseph.",71
5,x,567,Chinua Achebe,"It was scandalous that, in the middle of the twentieth century, a man could be barred from marrying a girl simply because her great-great-great-great-grandfather had been dedicated to serve a god.",196
5,x,568,Chinua Achebe,"She looked at each in turn with a strained smile on her countenance. 'Truth is beauty, isn't it? It must be you know to make someone dying in that pain, to make him ... smile. He sees it and it is ... How can I say it? ... It is unbearably, yes unbearably beautiful.'",267
2,,569,Chinua Achebe,"Among the Igbo the art of conversation is regarded very highly, and proverbs are the palm-oil with which words are eaten.",121
7,x,570,Chinua Achebe,"Heart of Darkness' projects the image of Africa as 'the other world,' the antithesis of Europe and therefore of civilization, a place where a man's vaunted intelligence and refinement are finally mocked by triumphant bestiality.",228
6,x,571,Chinua Achebe,"Aha! Come to think of it, that might explain the insistence of the oppressed that the oppressor must not be allowed to camouflage his appearance or confuse the poor by stealing and masquerading in their clothes. Perhaps it is the demand of that primitive integrity of the earth... Or, who knows, it might also be something less innocent (for the earth does have its streak of peasant cunning)--an insistence that your badge of privilege must never leave your breast, nor your coat of many colours your back...so that...on the wrathful day of reckoning...you will be as conspicuous as a peacock!",594
2,,572,Toni Morrison,"No matter how hard we try to ignore it, the mind always knows truth and wants clarity.",86
2,,573,Toni Morrison,The truth doesn't have to be beautiful. It just has to be true.,63
2,,574,Toni Morrison,There is no one single truth; there are multiple truths.,56
4,x,575,Toni Morrison,All the stories are true.,25
6,x,576,Toni Morrison,"We substituted good grammar for intellect; we switched habits to simulate maturity; we rearranged lies and called it truth, seeing in the new pattern of an old idea the Revelation and the Word.",193
2,,577,Toni Morrison,Love is or it ain't. Thin love ain't love at all.,49
2,,578,Toni Morrison,"Don't ever think I fell for you, or fell over you. I didn't fall in love, I rose in it.",87
5,x,579,Toni Morrison,Love is never any better than the lover.,40
3,x,580,Toni Morrison,Love is divine only and difficult always. If you think it is easy you are a fool. If you think it is natural you are blind.,123
2,,581,Toni Morrison,You can't own a human being. You can't lose what you don't own.,63
2,,582,Toni Morrison,Beauty was not simply something to behold; it was something one could do.,73
2,,583,Toni Morrison,"At some point in life the world's beauty becomes enough. You don't need to photograph, paint, or even remember it. It is enough.",128
6,x,584,Toni Morrison,"Along with the idea of romantic love, she was introduced to another--physical beauty. Probably the most destructive ideas in the history of human thought. Both originated in envy, thrived in insecurity, and ended in disillusion.",228
7,x,585,Toni Morrison,"You looked at them and wondered why they were so ugly; you looked closely and could not find the source. Then you realized that it came from conviction, their conviction.",170
8,x,586,Toni Morrison,Here was an ugly little girl asking for beauty... A little black girl who wanted to rise up out of the pit of her blackness and see the world with blue eyes.,157
6,x,587,Pablo Neruda,"The Truth is in the prologue. Death to the romantic fool, the expert in solitary confinement.",93
2,,588,Pablo Neruda,"The books that help you most are those which make you think the most. The hardest way of learning is that of easy reading; but a great book that comes from a great thinker is a ship of thought, deep freighted with truth and beauty.",231
2,,589,Pablo Neruda,Maybe someone will know I didn't weave crowns to draw blood; that I fought against mockery; that I did fill the high tide of my soul with truth. I repaid vileness with doves.,174
2,x,590,Pablo Neruda,"I love you without knowing how, or when, or from where. I love you simply, without problems or pride: I love you in this way because I do not know any other way of loving but this, in which there is no I or you, so intimate that your hand upon my chest is my hand, so intimate that when I fall asleep your eyes close.",317
4,x,591,Pablo Neruda,"I love you as certain dark things are to be loved, in secret, between the shadow and the soul.",94
2,,592,Pablo Neruda,"Love is so short, forgetting is so long.",40
5,x,593,Pablo Neruda,I want to do with you what spring does with the cherry trees.,61
2,,594,Pablo Neruda,"Tonight I can write the saddest lines: I loved her, and sometimes she loved me too.",83
3,x,595,Pablo Neruda,"In one kiss, you'll know all I haven't said.",44
6,x,596,Pablo Neruda,"I crave your mouth, your voice, your hair. Silent and starving, I prowl through the streets.",92
2,,597,Pablo Neruda,"I love you as the plant that doesn't bloom but carries the light of those flowers, hidden, within itself.",105
2,,598,Pablo Neruda,As if you were on fire from within. The moon lives in the lining of your skin.,78
6,x,599,Pablo Neruda,I hunger for your sleek laugh and your hands the color of a furious harvest. I want to eat the sunbeams flaring in your beauty.,127
2,,600,Pablo Neruda,Your wide eyes are the only light I know from extinguished constellations.,74
2,,601,Gabriela Mistral,"Speech is our second possession, after the soul--and perhaps we have no other possession in this world.",103
3,x,602,Gabriela Mistral,"For me, religiosity is ... the constant remembrance of the presence of the soul.",80
2,,603,Gabriela Mistral,You shall create beauty not to excite the senses but to give sustenance to the soul.,84
2,,604,Gabriela Mistral,"Love that stammers, that stutters, is apt to be the love that loves best.",73
2,,605,Gabriela Mistral,Love beauty; it is the shadow of God on the universe.,53
3,x,606,Gabriela Mistral,"The poet is an untier of knots, and love without words is a knot, and it drowns.",80
4,x,607,Gabriela Mistral,"Some kisses pronounced themselves the judgment of conviction love, some kisses are given with an eye, some kisses are given with the memory.",140
2,,608,Frida Kahlo,I never paint dreams or nightmares. I paint my own reality.,59
2,,609,Frida Kahlo,"They thought I was a Surrealist, but I wasn't. I never painted dreams. I painted my own reality.",96
2,,610,Frida Kahlo,"Really, I do not know whether my paintings are surrealist or not, but I do know that they are the frankest expression of myself.",128
2,,611,Frida Kahlo,We must not confuse distortion with originality; we must not confuse the truth with appearances.,96
5,x,612,Frida Kahlo,"The most interesting thing about the so-called lies of Diego is that, sooner or later, the ones involved in the imaginary tale get angry, not because of the lies, but because of the truth contained in the lies, which always comes forth.",236
2,,613,Frida Kahlo,I love you more than my own skin.,33
2,,614,Frida Kahlo,"I am that clumsy human, always loving, loving, loving. And loving. And never leaving.",85
2,,615,Frida Kahlo,I leave you my portrait so that you will have my presence all the days and nights that I am away from you.,106
2,,616,Frida Kahlo,Your word travels the entirety of space and reaches my cells which are my stars then goes to yours which are my light.,118
4,x,617,Frida Kahlo,"Can verbs be made up? I'll tell you one. I heaven you, so my wings will open wide to love you boundlessly.",106
4,x,618,Frida Kahlo,Take a lover who looks at you like maybe you are magic.,55
2,,619,Frida Kahlo,"Fall in love with yourself, with life, and then with whoever you want.",70
2,,620,Frida Kahlo,"You deserve a lover who listens when you sing, who supports you when you feel shame and respects your freedom; who flies with you and isn't afraid to fall.",155
3,x,621,Frida Kahlo,Beauty and ugliness are mirages because others always end up seeing what's inside us.,85
4,x,622,Frida Kahlo,I never believed in the importance of beauty. I did not think it mattered.,74
3,x,623,Frida Kahlo,Beauty is subjective; one can only see what one knows.,54
2,,624,Frida Kahlo,There's nothing more beautiful than a smile.,44
2,,625,Simone de Beauvoir,I tore myself away from the safe comfort of certainties through my love for truth--and truth rewarded me.,105
3,x,626,Simone de Beauvoir,"In spite of so many stubborn lies, at every moment, at every opportunity, the truth comes to light, the truth of life and death, of my solitude and my bond with the world, of my freedom and my servitude, of the insignificance and the sovereign importance of each man and all men.",279
6,x,627,Simone de Beauvoir,"Representation of the world, like the world itself, is the work of men; they describe it from their own point of view, which they confuse with the absolute truth.",162
2,,628,Simone de Beauvoir,"Defending the truth is not something one does out of a sense of duty or to allay guilt complexes, but is a reward in itself.",124
3,x,629,Simone de Beauvoir,"In truth, nature is no more an immutable given than is historical reality.",74
2,,630,Simone de Beauvoir,"One's life has value so long as one attributes value to the life of others, by means of love, friendship, indignation, compassion.",130
6,x,631,Simone de Beauvoir,"The word love has by no means the same sense for both sexes, and this is one cause of the serious misunderstandings that divide them.",133
4,x,632,Simone de Beauvoir,"On the day when it will be possible for woman to love not in her weakness but in her strength, not to escape herself but to find herself, not to abase herself but to assert herself--on that day love will become for her, as for man, a source of life and not of mortal danger.",274
6,x,633,Simone de Beauvoir,"In itself, homosexuality is as limiting as heterosexuality: the ideal should be to be capable of loving a woman or a man; either, a human being, without feeling fear, restraint, or obligation.",192
5,x,634,Simone de Beauvoir,"To emancipate woman is to refuse to confine her to the relations she bears to man, not to deny them to her; let her have her independent existence and she will continue nonetheless to exist for him also: mutually recognising each other as subject, each will yet remain for the other an other.",292
8,x,635,Simone de Beauvoir,"The younger and healthier a woman is and the more her new and glossy body seems destined for eternal freshness, the less useful is artifice; but the carnal weakness of this prey that man takes and its ominous deterioration always have to be hidden from him... In any case, the more traits and proportions of a woman seem contrived, the more she delighted the heart of man because she seemed to escape the metamorphosis of natural things. The result is this strange paradox that by desiring to grasp nature, but transfigured, in woman, man destines her to artifice.",564
2,,636,Simone de Beauvoir,To lose confidence in one's body is to lose confidence in oneself.,66
6,x,637,Simone de Beauvoir,What would Prince Charming have for occupation if he had not to awaken the Sleeping Beauty?,91
8,x,638,Simone de Beauvoir,"To be feminine is to show oneself as weak, futile, passive, and docile.",71
7,x,639,Simone de Beauvoir,In exchange for her liberty she has received the false treasures of her 'femininity'.,85
2,x,640,Wangari Maathai,"You have to know yourself, and that once you know yourself, then you cannot be bound by--because sometimes we are bound by other people's thoughts, because we are not sure about ourselves. But once you know yourself... I guess it is really an expression of the biblical statements that the truth will make you free! When you know, then you are free, your mind is free.",368
2,,641,Wangari Maathai,"You cannot enslave a mind that knows itself, that values itself, that understands itself.",89
3,x,642,Wangari Maathai,"We do the right thing not to please people but because it's the only logically reasonable thing to do, as long as we are being honest with ourselves--even if we are the only ones.",179
5,x,643,Wangari Maathai,"I have always thought that it is important to tell people the truth, but I guess there is some truth that must not be too exposed.",130
2,,644,Wangari Maathai,We can love ourselves by loving the earth.,42
2,,645,Wangari Maathai,"We are called to assist the Earth to heal her wounds and in the process heal our own--indeed, to embrace the whole creation in all its diversity, beauty, and wonder.",165
2,,646,Wangari Maathai,"We can work together for a better world with men and women of goodwill, those who radiate the intrinsic goodness of humankind.",126
2,,647,Wangari Maathai,"What we've lost is that sense of beauty, awe, and harmony in nature.",68
5,x,648,Wangari Maathai,"There was something in our people that had helped them conserve those forests. They were not looking at trees and seeing timber. They were not looking at elephants and seeing ivory. Or looking at the cheetahs and seeing the beautiful skin for sale. There was no such economic value of these animals, so they let them be. It was in their culture to let them be.",360
2,,649,Joy Harjo,"The most powerful poetry is birthed through cracks in history, through what is broken and unseen.",97
4,x,650,Joy Harjo,"We must take care to feed the minds, hearts, and spirits of those coming up behind us--to offer songs, poems, and stories that will break open that which is hardened, expose that which is evil-minded or would harm, and remind us how we are constructed to bring forth beauty of thought and beingness.",299
5,x,651,Joy Harjo,"When a despot ineptly sought to turn a country to a totalitarian nightmare, where was poetry? It wasn't sleeping. It kept the poets up at night. We wrote against despair toward beauty, toward a truth that could imprison us for making liars out of the fools deposited in the seats of power, kept there by puppets who kneeled in piles of promissory notes.",353
2,,652,Joy Harjo,True power does not amass through the pain and suffering of others.,67
2,,653,Joy Harjo,There is no poetry where there are no mistakes.,47
2,,654,Joy Harjo,I lean into the rhythm of your heart to see where it will take us.,66
2,,655,Joy Harjo,The door to the mind should only open from the heart.,53
2,,656,Joy Harjo,"At this table we sing with joy, with sorrow. We pray of suffering and remorse. We give thanks.",94
2,,657,Joy Harjo,"You can't look for love, or it will run away from you. But, you know, don't look for it. Don't look for it. Just go where it is and appreciate it, and, you know, it will find you.",179
5,x,658,Joy Harjo,This is my heart. It is a good heart... When we make love in the flower world my heart is close enough to sing to yours in a language that has no use for clumsy human words.,173
2,,659,Joy Harjo,"I don't see the desert as barren at all; I see it as full and ripe. It doesn't need to be flattered with rain. It certainly needs rain, but it does with what it has, and creates amazing beauty.",193
2,,660,Joy Harjo,"Let's not shame our eyes for seeing. Instead, thank them for their bravery.",75
2,x,661,Joy Harjo,"Remember the earth whose skin you are: red earth, black earth, yellow earth, white earth brown earth, we are earth. Remember the plants, trees, animal life who all have their tribes, their families, their histories, too. Talk to them, listen to them. They are alive poems.",272
2,,662,Joy Harjo,"To pray you open your whole self to sky, to earth, to sun, to moon... We pray that it will be done in beauty. In beauty.",120
2,,663,Joy Harjo,"One day she was the sun, another she was the moon. One day she hated everyone. The next day she was so overcome with beauty she could not stand it.",147
2,,664,Audre Lorde,Your silence will not protect you.,34
2,,665,Audre Lorde,"I have a duty to speak the truth as I see it and share not just my triumphs, not just the things that felt good, but the pain, the intense, often unmitigated pain.",163
2,,666,Audre Lorde,"For those of us who write, it is necessary to scrutinize not only the truth of what we speak, but the truth of that language by which we speak it.",146
2,,667,Audre Lorde,"We know what it is to be lied to, and we know how important it is not to lie to ourselves.",90
3,x,668,Audre Lorde,"The fear of our desires keeps them suspect and indiscriminately powerful, for to suppress any truth is to give it strength beyond endurance.",140
2,,669,Audre Lorde,"Each time you love, love as deeply as if it were forever.",57
2,,670,Audre Lorde,The love expressed between women is particular and powerful because we have had to love in order to live; love has been our survival.,133
2,,671,Audre Lorde,"Once we recognize what it is we are feeling, once we recognize we can feel deeply, love deeply, can feel joy, then we will demand that all parts of our lives produce that kind of joy.",183
4,x,672,Audre Lorde,"We have to consciously study how to be tender with each other until it becomes a habit because what was native has been stolen from us, the love of Black women for each other.",175
2,,673,Audre Lorde,"I want to live the rest of my life, however long or short, with as much sweetness as I can decently manage, loving all the people I love, and doing as much as I can of the work I still have to do.",196
2,,674,Audre Lorde,"If I didn't define myself for myself, I would be crunched into other people's fantasies for me and eaten alive.",111
2,,675,Audre Lorde,We recognize that all knowledge is mediated through the body and that feeling is a profound source of information about our lives.,130
2,,676,Audre Lorde,Our feelings are our most genuine paths to knowledge.,53
6,x,677,Audre Lorde,"The white fathers told us: I think, therefore I am. The black goddess within each of us--the poet--whispers in our dreams: I feel, therefore I can be free.",155
2,,678,Audre Lorde,"For women, then, poetry is not a luxury. It is a vital necessity of our existence.",82
2,,679,bell hooks,"To be loving we willingly hear each other's truth and, most important, we affirm the value of truth telling. Lies may make people feel better, but they do not help them to know love.",182
4,x,680,bell hooks,The time has come to tell the truth. Again. There is no love without justice. Men and women who cannot be just deny themselves and everyone they choose to be intimate with the freedom to know mutual love.,204
2,,681,bell hooks,To know love we have to tell the truth to ourselves and to others. Creating a false self to mask fears and insecurities has become so common that many of us forget who we are and what we feel underneath the pretense.,216
2,,682,bell hooks,"The heart of justice is truth telling, seeing ourselves and the world the way it is rather than the way we want to be.",118
2,,683,bell hooks,Commitment to truth telling lays the groundwork for the openness and honesty that is the heartbeat of love.,107
2,,684,bell hooks,"When men and women punish each other for truth telling, we reinforce the notion that lies are better.",101
2,,685,bell hooks,"Love is a combination of care, commitment, knowledge, responsibility, respect, and trust.",89
2,,686,bell hooks,"Love is an action, never simply a feeling.",42
2,,687,bell hooks,"To truly love we must learn to mix various ingredients--care, affection, recognition, respect, commitment, and trust, as well as honest and open communication.",159
4,x,688,bell hooks,When we face pain in relationships our first response is often to sever bonds rather than to maintain commitment.,113
4,x,689,bell hooks,"The practice of love offers no place of safety. We risk loss, hurt, pain. We risk being acted upon by forces outside our control.",129
2,,690,bell hooks,"Knowing how to be solitary is central to the art of loving. When we can be alone, we can be with others without using them as a means of escape.",144
2,,691,bell hooks,"To love well is the task in all meaningful relationships, not just romantic bonds.",82
3,x,692,bell hooks,"All too often women believe it is a sign of commitment, an expression of love, to endure unkindness or cruelty, to forgive and forget. In actuality, when we love rightly we know that the healthy, loving response to cruelty and abuse is putting ourselves out of harm's way.",272
5,x,693,bell hooks,"The feminist call was for women to embrace ways of seeing beauty and adorning ourselves that are healthy, life-affirming, and not overly time-consuming.",152
7,x,694,bell hooks,Think of all the women you know who will not allow themselves to be seen without makeup. I often wonder how they feel about themselves at night when they are climbing into bed with intimate partners. Are they overwhelmed with secret shame that someone sees them as they really are? Or do they sleep with rage that who they really are can be celebrated or cared for only in secret?,380
4,x,695,bell hooks,"We need to theorize the meaning of beauty in our lives so that we can educate for critical consciousness, talking through the issues: how we acquire and spend money, how we feel about beauty, what the place of beauty is in our lives when we lack material privilege and even basic resources for living, the meaning and significance of luxury, and the politics of envy.",367
7,x,696,bell hooks,"We judge on the basis of what somebody looks like, skin color, whether we think they're beautiful or not. That space on the Internet allows you to converse with somebody with none of those things involved.",205
4,x,697,Naguib Mahfouz,"It is an indication of truth's jealousy that it has not made for anyone a path to it, and that it has not deprived anyone of the hope of attaining it, and it has left people running in the deserts of perplexity and drowning in the seas of doubt; and he who thinks he has attained it, it dissociates itself from, and he who thinks he has dissociated himself from it has lost his way.",382
4,x,698,Naguib Mahfouz,"There is no 'truth and fiction', but different kinds of truths that vary depending on the phases of life and the quality of the system that helps us become aware of them. Legends are truths like the truths of nature, mathematics and history. Each one has its spiritual system.",276
4,x,699,Naguib Mahfouz,"Run after truth until you're breathless. Accept the pain involved in re-creating yourself afresh. These ideas will take a life to comprehend, a hard one interspersed with drunken moments.",187
2,,700,Naguib Mahfouz,"Be like history, impartial and open to every witness. Then deliver a truth that is free of bias for those who wish to contemplate it.",133
3,x,701,Naguib Mahfouz,"I was happy to bid indolence farewell, and to set off along the path of history in search of truth, a path that has no beginning and no end, for it will always be extended by those who have a passion for eternal truth.",218
2,,702,Naguib Mahfouz,"As for life's tragedies, our love will defeat them. Love is the most effective cure. In the crevices of disasters, happiness lies like a diamond in a mine, so let us instill in ourselves the wisdom of love.",206
2,,703,Naguib Mahfouz,The heart of a lover is always free.,36
2,,704,Naguib Mahfouz,Love is the only antidote to death's sting.,43
3,x,705,Naguib Mahfouz,True love is an act of total defiance.,38
2,,706,Naguib Mahfouz,"One day this body will pass away, but my love for you will remain.",66
2,,707,Naguib Mahfouz,"Beauty itself is a painful convulsion in the heart, an abundance of vitality in the soul, and a mad chase undertaken by the spirit until it encounters the heavens.",163
2,,708,Naguib Mahfouz,Beauty is like a mirage that can only be seen from afar.,56
2,,709,Naguib Mahfouz,"It is the heart, not the body, that makes a person attractive.",62
2,,710,Naguib Mahfouz,Art requires a thin veil of mystery to make it beautiful and enchanting.,72
6,x,711,Hafez,"The Truth has shared so much of Itself with me that I can no longer call myself a man, a woman, an angel, or even pure Soul.",124
4,x,712,Hafez,Love sometimes wants to do us a great favor: hold us upside down and shake all the nonsense out.,96
6,x,713,Hafez,"Wine is the Truth, that kills all lies.",39
5,x,714,Hafez,"I have a thousand brilliant lies for the question: How are you? I have a thousand brilliant lies for the question: What is God? If you think that the Truth can be known from words, if you think that the Sun and the Ocean can pass through that tiny opening called the mouth, O someone should start laughing! Someone should start wildly laughing now!",348
3,x,715,Hafez,What we speak becomes the house we live in.,43
2,,716,Hafez,The heart is a thousand-stringed instrument that can only be tuned with love.,77
2,,717,Hafez,"Even after all this time, the sun never says to the earth, 'You owe me.' Look what happens with a love like that; it lights the whole sky.",138
2,,718,Hafez,Love is simply creation's greatest joy.,39
2,,719,Hafez,"When all your desires are distilled, you will cast just two votes: to love more and be happy.",93
2,,720,Hafez,"This sky where we live is no place to lose your wings, so love, love, love.",75
2,,721,Hafez,"I once asked a bird, 'How do you fly in this gravity of darkness?' And she replied, 'Love lifts me.'",100
2,,722,Hafez,"Your heart and my heart are very, very old friends.",51
3,x,723,Hafez,"The dimple that thy chin contains has beauty in its round, / That never has been fathomed yet by myriad thoughts profound.",122
6,x,724,Hafez,The world is a bride of surpassing beauty--but remember that this maiden is never bound to anyone.,98
3,x,725,Hafez,"The world is like an eye, a beard, a spot of beauty and eyebrow, / Where each thing is neatly in place.",103
4,x,726,Hafez,How did the rose ever open its heart and give to this world all of its beauty? It felt the encouragement of Light against its being; otherwise we all remain too frightened.,172
4,x,727,Hafez,"The beauty of your face, my Beloved, strikes my heart like a piercing arrow.",76
3,x,728,Murasaki Shikibu,"We are not told of things that happened to specific people exactly as they happened; but the beginning is when there are good things and bad things, things that happen in this life which one never tires of seeing and hearing about, things which one cannot bear not to tell of and must pass on for all generations... But to dismiss them as lies is itself to depart from the truth.",379
2,x,729,Murasaki Shikibu,"It is very easy to criticize others but far more difficult to put one's own principles into practice, and it is when one forgets this truth, lauds oneself to the skies, treats everyone else as worthless, and generally despises others, that one's own character is clearly revealed.",280
2,,730,Murasaki Shikibu,Real things in the darkness seem no realer than dreams.,55
4,x,731,Murasaki Shikibu,It is so rare to find someone of true understanding; for the most part they judge purely by their own standards and ignore everyone else. So all they see of me is a façade.,173
2,,732,Murasaki Shikibu,"The memories of long love gather like drifting snow, poignant as the mandarin ducks who float side by side in sleep.",116
5,x,733,Murasaki Shikibu,"You are here to remind me of someone I long for, and what is it you long for yourself? We must have been together in an earlier life, you and I.",144
2,,734,Murasaki Shikibu,"Ceaseless as the interminable voices of the bell-cricket, all night till dawn my tears flow.",92
3,x,735,Murasaki Shikibu,Autumn is no time to lie alone.,31
4,x,736,Murasaki Shikibu,Beauty without colour seems somehow to belong to another world.,63
4,x,737,Murasaki Shikibu,"How much the more in judging of the human heart should we distrust all fashionable airs and graces, all tricks and smartness, learnt only to please the outward gaze.",165
3,x,738,Murasaki Shikibu,"One ought not to be unkind to a woman merely on account of her plainness, any more than one had a right to take liberties with her merely because she was handsome.",163
2,,739,Murasaki Shikibu,There is more here than meets the eye.,38
5,x,740,Murasaki Shikibu,"The wood-carver can fashion whatever he will. Yet his products are but toys of the moment, to be glanced at in jest, not fashioned according to any precept or law. When times change, the carver too will change his style and make new trifles to hit the fancy of the passing day. But there is another kind of artist, who sets more soberly about his work, striving to give real beauty to the things which men actually use and to give to them the shape which tradition has ordained. This maker of real things must not for a moment be confused with the maker of idle toys.",567
6,x,741,Li Qingzhao,Sweet words and the wiles and guiles of the shameless passed for truth.,71
2,,742,Li Qingzhao,"When there is possession, there must be loss of possession; when there is gathering together, there must be a scatteringndash this is the constant principle in things.",168
2,,743,Li Qingzhao,Do you know? Do you know? The green leaves are fresh but the red flowers are fading!,84
2,,744,Li Qingzhao,"Flowers drift, water flowsndash one shared longing, two distant sorrows.",73
2,,745,Li Qingzhao,This sorrow cannot be erasedndash it fades from my brow only to rise again in my heart.,88
2,,746,Li Qingzhao,"All remains, yet nothing is the samendash before words come, tears fall.",73
2,,747,Li Qingzhao,"Blushing, I fleendash leaning by the door, I turn to steal a scent of green plums.",83
2,,748,Li Qingzhao,"Drunk, I arrange flowersndash do not laugh at them; pity spring, like me, grows old.",85
3,x,749,Li Qingzhao,"Do not say my soul remains unshakenndash the west wind lifts the curtain, revealing me thinner than chrysanthemums.",116
2,,750,Li Qingzhao,"The West Wind blows the curtains, and I am frailer than the yellow chrysanthemums.",82
2,,751,Li Qingzhao,"I awake in the empty night, face to face with a guttering red candle.",69
4,x,752,Li Qingzhao,"Do you know? Do you know? The green thrives, the red withers.",61
2,,753,Sojourner Truth,Truth is powerful and it prevails.,34
3,x,754,Sojourner Truth,"I feel safe in the midst of my enemies, for the truth is all powerful and will prevail.",87
2,,755,Sojourner Truth,Truth burns up error.,21
4,x,756,Sojourner Truth,"Honey, I jes' walked round an' round in a dream. Jesus loved me! I knew it - I felt it. Jesus was my Jesus. Jesus would love me always. I didn't dare tell nobody; it was a great secret. Everything had been taken away from me that I ever had; an' I thought that if I let white folks know about this, maybe they'd get him away - so I said, 'I'll keep this close. I won't let any one know.'",387
7,x,757,Sojourner Truth,"But then there came another rush of love through my soul, an' I cried out loud,- 'Lord, Lord, I can love even de white folks!'",126
4,x,758,Sojourner Truth,"I am pleading for my people, a poor downtrodden race / Who dwell in freedom's boasted land with no abiding place / I am pleading that my people may have their rights restored, / For they have long been toiling, and yet had no reward / They are forced the crops to culture, but not for them they yield, / Although both late and early, they labor in the field. / While I bear upon my body, the scores of many a gash, / I'm pleading for my people who groan beneath the lash. / I'm pleading for the mothers who gaze in wild despair / Upon the hated auction block, and see their children there. / I feel for those in bondage--well may I feel for them. / I know how fiendish hearts can be that sell their fellow men. / Yet those oppressors steeped in guilt--I still would have them live; / For I have learned of Jesus, to suffer and forgive! / I want no carnal weapons, no machinery of death. / For I love to not hear the sound of war's tempestuous breath. / I do not ask you to engage in death and bloody strife. / I do not dare insult my God by asking for their life. / But while your kindest sympathies to foreign lands do roam, / I ask you to remember your own oppressed at home. / I plead with you to sympathize with signs and groans and scars, / And note how base the tyranny beneath the stripes and stars.",1306
8,x,759,Sojourner Truth,"English womanhood is beset by no such snares and traps as betray the unprotected, untrained colored girl of the South, whose only crime and dire destruction often is her unconscious and marvelous beauty.",203
4,x,760,Sojourner Truth,"What's the matter with me? Why, I'm the most beautiful woman in the world!",74
2,,761,Sojourner Truth,"I see things, I see things only my eyes can see.",48
3,x,762,Simone Weil,"It is impossible that the whole of truth should not be present at every time and every place, available for anyone who desires it.",130
2,,763,Simone Weil,"Truth is one, but error is manifold.",36
6,x,764,Simone Weil,The only way into truth is through one's own annihilation; through dwelling a long time in a state of extreme and total humiliation.,132
4,x,765,Simone Weil,"Force is as pitiless to the man who possesses it, or thinks he does, as it is to its victims; the second it crushes, the first it intoxicates. The truth is, nobody really possesses it.",184
5,x,766,Simone Weil,Truth is sought not because it is truth but because it is good.,63
3,x,767,Simone Weil,"Contradiction itself, far from always being a criterion of error, is sometimes a sign of truth.",95
2,,768,Simone Weil,"Justice, truth, and beauty are sisters and comrades. With three such beautiful words we have no need to look for any others.",124
2,,769,Simone Weil,The need of truth is more sacred than any other need.,53
4,x,770,Simone Weil,"There is something else which has the power to awaken us to the truth. It is the works of writers of genius. They give us, in the guise of fiction, something equivalent to the actual density of the real, that density which life offers us every day but which we are unable to grasp because we are amusing ourselves with lies.",324
2,,771,Simone Weil,Love is not consolation. It is light.,37
2,,772,Simone Weil,"The love of our neighbor in all its fullness simply means being able to say, 'What are you going through?'",106
3,x,773,Simone Weil,"To love purely is to consent to distance, it is to adore the distance between ourselves and that which we love.",111
4,x,774,Simone Weil,Love of God is pure when joy and suffering inspire an equal degree of gratitude.,80
2,,775,Simone Weil,Human existence is so fragile a thing and exposed to such dangers that I cannot love without trembling.,103
6,x,776,Simone Weil,An atheist may be simply one whose faith and love are concentrated on the impersonal aspects of God.,100
5,x,777,Simone Weil,God's love for us is not the reason for which we should love him. God's love for us is the reason for us to love ourselves.,123
2,,778,Simone Weil,Love: To feel with one's whole self the existence of another being.,67
2,,779,Simone Weil,There are only two things that pierce the human heart. One is beauty. The other is affliction.,94
5,x,780,Simone Weil,"Beauty always promises, but never gives anything.",49
2,,781,Simone Weil,Beauty is a fruit which we look at without trying to seize it.,62
2,,782,Simone Weil,The sea is not less beautiful in our eyes because we know that sometimes ships are wrecked by it.,97
6,x,783,Simone Weil,"It may be that vice, depravity, and crime are nearly always, or even perhaps always, in their essence, attempts to eat beauty, to eat what we should only look at.",162
4,x,784,Simone Weil,Beauty captivates the flesh in order to obtain permission to pass right through to the soul.,92
2,,785,Simone Weil,Distance is the soul of beauty.,31
2,x,786,Rigoberta Menchú,"I think that it's very important, and what's really crucial here is the memory of the victims and the search for the truth, and also the commitment to substantiate the truth. So the truth is foremost, because they accused us of being liars. They tried to denigrate the memory of the victims.",291
2,,787,Rigoberta Menchú,It's clear that there is no peace without justice. There is no peace without truth.,83
2,,788,Rigoberta Menchú,A real reconciliation has to be based on the search for truth. We who are the victims of these abuses have a right to the truth.,128
4,x,789,Rigoberta Menchú,The REMHI and the UN Commission are tremendously important because they have exhaustively documented the nature of the crimes committed by the Guatemalan armed forces during the 36-year conflict. We now know the names and stories of many of the victims--as well as of the victimizers.,284
2,x,790,Rigoberta Menchú,The other main achievement of the REMHI project is that no one can now deny what happened in Guatemala. There was a systematic campaign of genocide and ethnocide against the indigenous peoples of Guatemala. REHMI represents a struggle against forgetting. A struggle against indifference.,287
7,x,791,Rigoberta Menchú,We can only love a person who eats what we eat.,47
3,x,792,Rigoberta Menchú,"To be a light to others you will need a good dose of the spiritual life. Because as my mother used to say, if you are in a good place, then you can help others; but if you're not well, then go look for somebody who is in a good place who can help you.",251
2,,793,Rigoberta Menchú,What I treasure most in life is being able to dream. During my most difficult moments and complex situations I have been able to dream of a more beautiful future.,162
6,x,794,Rigoberta Menchú,"What hurts Indians most is that our costumes are considered beautiful, but it's as if the person wearing it didn't exist.",121
2,,795,Rigoberta Menchú,"We are not myths of the past, ruins in the jungle, or zoos. We are people and we want to be respected, not to be victims of intolerance and racism.",147
2,,796,Chief Seattle,My words are like the stars that never change.,46
6,x,797,Chief Seattle,"Whatever Seattle says, the great chief at Washington can rely upon with as much certainty as he can upon the return of the sun or the seasons.",142
2,,798,Chief Seattle,"This we know: the earth does not belong to man, man belongs to the earth.",73
2,,799,Chief Seattle,"The perfumed flowers are our sisters; the deer, the horse, the great eagle: these are our brothers. All things are connected like the blood which unites one's family.",166
2,,800,Chief Seattle,The rivers are our brothers. They quench our thirst. They carry our canoes and feed our children. You must give to the rivers the kindness you would give to any brother.,169
2,,801,Chief Seattle,We are part of the earth and it is part of us... All things are connected like the blood which unites one's family.,115
2,,802,Chief Seattle,The water's murmur is the voice of my father's father.,54
2,,803,Chief Seattle,"The earth is our mother. Whatever befalls the earth befalls the sons of earth. If men spit upon the ground, they spit upon themselves.",134
2,,804,Chief Seattle,"Every part of this earth is sacred to my people. Every shining pine needle, every sandy shore, every mist in the dark woods, every clearing, and humming insect is holy in the memory and experience of my people.",210
2,,805,Chief Seattle,"The earth does not belong to man, man belongs to the earth. All things are connected like the blood that unites us all.",119
5,x,806,Chief Seattle,"The air is precious to the red man, for all things share the same breath5 the beast, the tree, the man, they all share the same breath.",136
3,x,807,Chief Seattle,"We are part of the earth and it is part of us. The perfumed flowers are our sisters; the deer, the horse, the great eagle: these are our brothers.",146
3,x,808,James Baldwin,"Sometimes you hear a person speak the truth and you know that they are speaking the truth. But you also know that they have not heard themselves, do not know what they have said: do not know that they have revealed much more than they have said. This may be why the truth remains, on the whole, so rare.",303
3,x,809,James Baldwin,"Every legend, moreover, contains its residuum of truth, and the root function of language is to control the universe by describing it.",134
2,,810,James Baldwin,There are so many ways to tell the truth.,41
3,x,811,James Baldwin,"Perhaps I did not succumb to ideology 3 because I have never seen myself as a spokesman. I am a witness. In the church in which I was raised you were supposed to bear witness to the truth. Now, later on, you wonder what in the world the truth is, but you do know what a lie is.",278
2,,812,James Baldwin,Not everything that is faced can be changed. But nothing can be changed until it is faced.,90
2,,813,James Baldwin,Love takes off the masks that we fear we cannot live without and know we cannot live within.,92
3,x,814,James Baldwin,"Love does not begin and end the way we seem to think it does. Love is a battle, love is a war; love is a growing up.",116
2,,815,James Baldwin,Love him and let him love you. Do you think anything else under heaven really matters?,86
2,,816,James Baldwin,"To be sensual, I think, is to respect and rejoice in the force of life, of life itself, and to be present in all that one does, from the effort of loving to the making of bread.",177
3,x,817,James Baldwin,"Everybody's journey is individual. If you fall in love with a boy, you fall in love with a boy. The fact that many Americans consider it a disease says more about them than it does about homosexuality.",201
5,x,818,James Baldwin,"The South is very beautiful but its beauty makes one sad because the lives that people live here, and have lived here, are so ugly.",131
2,,819,James Baldwin,"American history is longer, larger, more various, more beautiful, and more terrible than anything anyone has ever said about it.",128
4,x,820,Nguyễn Du,"Thiện căn ở tại lòng ta, Chữ tâm kia mới bằng ba chữ tài.",74
5,x,821,Nguyễn Du,"Trăm năm trong cõi người ta, Chữ tài chữ mệnh khéo là ghét nhau.",80
7,x,822,Nguyễn Du,Đau đớn thay phận đàn bà! Lời rằng bạc mệnh cũng là lời chung.,79
3,x,823,Nguyễn Du,"Beautiful girl and talented young man--what stirred their hearts their eyes still dared not say. They hovered, rapture-bound, 'tween wake and dream.",148
2,,824,Nguyễn Du,Now we stand face to face--but who can tell we shan't wake up and learn it was a dream?,87
6,x,825,Nguyễn Du,"As you must weigh and choose between your love and filial duty, which will turn the scale? She put aside all vows of love and troth--a child first pays the debts of birth and care.",180
4,x,826,Nguyễn Du,"Henceforth I'm bound to you for life,"" he said. ""Call these small gifts a token of my love.",91
2,,827,Nguyễn Du,By lamplight turn these scented leaves and read a tale of love recorded in old books.,85
2,,828,Nguyễn Du,"Her eyes are like autumn waters, her brows like spring hills.",61
2,,829,Nguyễn Du,"Flowers envy her bloom, willows sigh at her grace.",50
4,x,830,Nguyễn Du,Blue Heaven's wont to strike a rose from spite.,47
2,,831,Nguyễn Du,"Just as the lotus wilts, the mums bloom forth--time softens grief, and winter turns to spring.",94
2,,832,Sor Juana Inés de la Cruz,"I do not study to know more, but to ignore less.",48
4,x,833,Sor Juana Inés de la Cruz,"O world, why do you wish to persecute me? How do I offend you, when I intend only to fix beauty in my intellect, and never my intellect fix on beauty?",150
4,x,834,Sor Juana Inés de la Cruz,"One will abide, and will confess that another is nobler than he, that another is richer, more handsome, and even that he is more learned, but that another is richer in reason scarcely any will confess: Rare is he who will concede genius.",237
2,,835,Sor Juana Inés de la Cruz,Without clarity there is no voice of wisdom.,44
4,x,836,Sor Juana Inés de la Cruz,The brightest of appearances can cover the most vulgar realities.,65
2,,837,Sor Juana Inés de la Cruz,"As love is union, it knows no extremes of distance.",51
6,x,838,Sor Juana Inés de la Cruz,"Who thankless flees me, I with love pursue; Who loving follows me, I thankless flee; To him who spurns my love, I bend the knee.",128
7,x,839,Sor Juana Inés de la Cruz,"Love opened a mortal wound. In agony, I worked the blade to make it deeper. Please, I begged, let death come quick.",115
3,x,840,Sor Juana Inés de la Cruz,"I love you with so much passion, neither rudeness nor neglect can explain why I tied my tongue, yet left my heart unchecked.",124
4,x,841,Sor Juana Inés de la Cruz,"I feel a serious agony to achieve a dalliance, which begins as desire and ends in melancholy.",93
2,,842,Sor Juana Inés de la Cruz,"I do not set store by treasures or riches; and therefore it always brings me more joy only to fix riches in my intellect, and never my intellect fix on riches.",159
4,x,843,Sor Juana Inés de la Cruz,"I do not set store by a lovely face that, vanquished, is civil plunder of the ages, and perfidious wealth has never pleased me, for I deem it best, as one of my truths, to deplete the vanities of this life and never this life to deplete in vanities.",249
4,x,844,Sor Juana Inés de la Cruz,"This that you see, the false presentment planned with finest art and all the colored shows and reasoning of shade, doth but disclose the poor deceits by earthly senses fanned!",175
3,x,845,Rabia al-Adawiyya,"In love, nothing exists between heart and heart. Speech is born out of longing, true description from the real taste. The one who tastes, knows; the one who explains, lies. How can you describe the true form of Something in whose presence you are blotted out? And in whose being you still exist? And who lives as a sign for your journey?",337
4,x,846,Rabia al-Adawiyya,"I have two ways of loving You: A selfish one and another way that is worthy of You. In my selfish love, I remember You and You alone. In that other love, You lift the veil and let me feast my eyes on Your living face.",217
4,x,847,Rabia al-Adawiyya,"O God, if I worship You for fear of Hell, burn me in Hell. And if I worship You in hope of Paradise, exclude me from Paradise. But if I worship You for Your Own sake, grudge me not Your everlasting Beauty.",205
7,x,848,Rabia al-Adawiyya,"I am going to light a fire in Paradise and pour water onto Hell, so that both these veils may disappear from the seekers, and that their purpose may be sure, and that the slaves of Allah may see Him, without any object of hope or motive of fear.",245
6,x,849,Rabia al-Adawiyya,You must conceal your good deeds as you conceal your evil deeds.,64
7,x,850,Rabia al-Adawiyya,"I have made You the companion of my heart. But my body is available to those who desire its company, And my body is friendly toward its guest, But the Beloved of my heart is the guest of my soul.",195
4,x,851,Rabia al-Adawiyya,"Your hope in my heart is the rarest treasure Your Name on my tongue is the sweetest word My choicest hours Are the hours I spend with You -- O Allah, I can't live in this world Without remembering You-- How can I endure the next world Without seeing Your face? I am a stranger in Your country And lonely among Your worshippers: This is the substance of my complaint.",366
4,x,852,Rabia al-Adawiyya,My peace is in solitude but my Beloved is always with me. Whenever I witness His Beauty He is my prayer niche (mihrab); toward Him is my qibla.,143
5,x,853,Rabia al-Adawiyya,"I love You with two loves--a selfish love and a Love that You are worthy of. As for the selfish love, it is that I think of You, to the exclusion of everything else. And as for the Love that You are worthy of, Ah! That I no longer see any creature, but I see only You!",268
4,x,854,Rabia al-Adawiyya,"Your hope in my heart is the rarest treasure. Your Name on my tongue is the sweetest word. My choicest hours are the hours I spend with You--O God, I can't live in this world without remembering You.",199
2,,855,Zora Neale Hurston,Truth is a letter from courage!,31
4,x,856,Zora Neale Hurston,"Anytime you catch folks lying, they scared of something!",56
4,x,857,Zora Neale Hurston,The dream is the truth. Then they act and do things accordingly.,64
3,x,858,Zora Neale Hurston,"I have the nerve to walk my own way, however hard, in my search for reality, rather than climb upon the rattling wagon of wishful illusions.",140
5,x,859,Zora Neale Hurston,"I am not afraid of the pen, or the scaffold, or the sword. I will tell the truth wherever I please.",99
2,,860,Zora Neale Hurston,Love makes your soul crawl out from its hiding place.,53
2,,861,Zora Neale Hurston,"Love is like the sea. It's a moving thing, but still and all, it takes its shape from the shore it meets, and it's different with every shore.",142
4,x,862,Zora Neale Hurston,"Love, I find, is like singing. Everybody can do enough to satisfy themselves, though it may not impress the neighbors as being very much.",137
2,,863,Zora Neale Hurston,I did not just fall in love. I made a parachute jump.,53
3,x,864,Zora Neale Hurston,"When one is too old for love, one finds great comfort in good dinners.",70
5,x,865,Zora Neale Hurston,"Justice, like beauty, is in the eye of the beholder.",52
4,x,866,Zora Neale Hurston,God took pattern after a pine tree and built you noble.,55
4,x,867,Zora Neale Hurston,"There is no single face in nature, because every eye that looks upon it, sees it from its own angle. So every man's spice-box seasons his own food.",147
2,,868,Zora Neale Hurston,"Decorate a decoration: the feeling is that there can never be enough of beauty, let alone too much.",99
2,,869,Zora Neale Hurston,Some people could look at a mud puddle and see an ocean with ships.,67
3,x,870,Mirabai,"Worldly comfort is an illusion, as soon as you get it, it goes.",63
5,x,871,Mirabai,"I have chosen the Indestructible for my refuge, Him whom the snake of death will not devour.",92
2,,872,Mirabai,My beloved dwells in my heart all day; I have actually seen that abode of joy.,78
3,x,873,Mirabai,Don't forget love; it will bring all the madness you need to unfurl yourself across the universe.,97
7,x,874,Mirabai,"I want you to have this, all the beauty in my eyes, and the grace of my mouth, all the splendor of my strength, all the wonder of the musk parts of my body, for are we not talking about real love, real love?",207
3,x,875,Mirabai,"O my companion, worldly comfort is an illusion, as soon you get it, it goes.",76
5,x,876,Mirabai,"The Great Dancer is my husband,"" Mira says, ""rain washes off all the other colors.",82
5,x,877,Mirabai,I have felt the swaying of the elephant's shoulders; and now you want me to climb on a jackass? Try to be serious.,114
7,x,878,Mirabai,"One night as I walked in the desert the mountains rode on my shoulders and the sky became my heart, and the earth--my own body, I explored. Every object began to wink at me, and Mira wisely calculated the situation, thinking: My charms must be at their height now would be a good time to rush into His arms, maybe He won't drop me so quick.",340
6,x,879,Mirabai,"In all my lives you have been with me; whether day or night I remember. When you fall out of my sight, I am restless day and night, burning. I climb hilltops; I watch for signs of your return; my eyes are swollen with tears. The ocean of life--that's not genuine the ties of family, the obligations to the world--they're not genuine. It is your beauty that makes me drunk.",372
5,x,880,Mirabai,"My Lord, the love that binds us cannot be broken. It is hard as the diamond that shatters the hammer that strikes it. As polish goes into the gold, my heart has gone into you. As a lotus lives in its water, I am rooted in you. Like the bird that gazes all night at the passing moon, I have blinded myself in giving my eyes to your beauty.",338
2,,881,José Martí,"Liberty is the right of every man to be honest, to think and to speak without hypocrisy.",88
4,x,882,José Martí,"In truth, men speak too much of danger. Let others be terrified by the natural and healthy risks of life! We shall not be frightened! Poison sumac grows in a hard-working man's field, the serpent hisses from its hidden den, and the owl's eye shines in the belfry, but the sun goes on lighting the sky, and truth continues marching across the earth unscathed.",358
2,,883,José Martí,The first duty of a man is to think for himself.,48
2,,884,José Martí,Speech is not meant to conceal the truth but to speak it.,57
4,x,885,José Martí,"Truth is not reasoned; it is recognized, felt, and loved.",57
2,,886,José Martí,"Love is the bond between men, the way to teach and the center of the world.",75
2,,887,José Martí,"Love is... born with the pleasure of looking at each other, it is fed with the necessity of seeing each other, it is concluded with the impossibility of separation!",164
6,x,888,José Martí,"Peoples are made of hate and of love, and more of hate than love. But love, like the sun that it is, sets afire and melts everything.",133
4,x,889,José Martí,Life on earth is a hand-to-hand mortal combat... between the law of love and the law of hate.,93
2,,890,José Martí,"Men of action, above all those whose actions are guided by love, live forever.",78
5,x,891,José Martí,"While more deeper is the wound, the more beautiful the art.",59
3,x,892,José Martí,To beautify life is to give it an object.,41
4,x,893,José Martí,"Wings I saw springing from fair women's shoulders, and from beneath rubble I've seen butterflies flutter.",105
2,,894,José Martí,"All is beautiful and unceasing, all is music and reason, and all, like diamond, is carbon first, then light.",108
3,x,895,José Martí,"Every human being has within him an ideal man, just as every piece of marble contains in a rough state a statue as beautiful as the one that Praxiteles the Greek made of the god Apollo.",185
2,,896,José Martí,"Nature is beautiful, life is a duty, death is not ugly, and no one should be sad or cowardly as long as there are books in bookstores, light in the sky, friends, and mothers.",174
2,,897,Mary Wollstonecraft,"Simplicity and sincerity generally go hand in hand, as both proceed from a love of truth.",89
4,x,898,Mary Wollstonecraft,But what a weak barrier is truth when it stands in the way of an hypothesis!,76
4,x,899,Mary Wollstonecraft,"By this false politeness, sincerity is sacrificed, and truth violated; and thus artificial manners are necessarily taught.",122
4,x,900,Mary Wollstonecraft,"People thinking for themselves have more energy in their voice, than any government, which it is possible for human wisdom to invent; and every government not aware of this sacred truth will, at some period, be suddenly overturned.",231
4,x,901,Mary Wollstonecraft,"In the name of truth and common sense, why should not one woman acknowledge that she can take more exercise than another?",121
5,x,902,Mary Wollstonecraft,"Love from its very nature must be transitory. To seek for a secret that would render it constant would be as wild a search as for the philosopher's stone or the grand panacea: and the discovery would be equally useless, or rather pernicious to mankind. The most holy band of society is friendship.",297
2,,903,Mary Wollstonecraft,"Friendship is a serious affection; the most sublime of all affections, because it is founded on principle, and cemented by time.",128
7,x,904,Mary Wollstonecraft,"I do earnestly wish to see the distinction of sex confounded in society, unless where love animates the behaviour.",114
5,x,905,Mary Wollstonecraft,"I love man as my fellow; but his scepter, real, or usurped, extends not to me, unless the reason of an individual demands my homage; and even then the submission is to reason, and not to man.",191
3,x,906,Mary Wollstonecraft,"It is far better to be often deceived than never to trust; to be disappointed in love, than never to love.",106
7,x,907,Mary Wollstonecraft,"Taught from their infancy that beauty is woman's sceptre, the mind shapes itself to the body, and roaming round its gilt cage, only seeks to adorn its prison.",158
6,x,908,Mary Wollstonecraft,"If we revert to history, we shall find that the women who have distinguished themselves have neither been the most beautiful nor the most gentle of their sex.",158
7,x,909,Mary Wollstonecraft,"The conduct and manners of women, in fact, evidently prove that their minds are not in a healthy state; for, like the flowers which are planted in too rich a soil, strength and usefulness are sacrificed to beauty; and the flaunting leaves, after having pleased a fastidious eye, fade, disregarded on the stalk, long before the season when they ought to have arrived at maturity.",378
6,x,910,Mary Wollstonecraft,"I know that libertines will also exclaim, that woman would be unsexed by acquiring strength of body and mind, and that beauty, soft bewitching beauty! would no longer adorn the daughters of men. I am of a very different opinion, for I think that, on the contrary, we should then see dignified beauty, and true grace; to produce which, many powerful physical and moral causes would concur.",388
2,,911,Oodgeroo Noonuccal,Let no one say the past is dead. The past is all about us and within.,69
2,,912,Oodgeroo Noonuccal,"We are nature and the past, all the old ways gone now and scattered.",68
2,,913,Oodgeroo Noonuccal,"We are the wonder tales of Dream Time, the tribal legends told.",63
2,,914,Oodgeroo Noonuccal,"My love is a gentle thing, / Soft as the voice of the dove, / Soft as the touch of the breeze, / So is my love.",111
3,x,915,Oodgeroo Noonuccal,"My son, your troubled eyes search mine, / Puzzled and hurt by colour line.",74
2,,916,Oodgeroo Noonuccal,"To our fathers' fathers the pain, the sorrow; / To our children's children the glad tomorrow.",93
2,,917,Oodgeroo Noonuccal,"I'm very rich because I'm loved by all my people, it's a very beautiful thing. No money could surpass that. The love that my people feel for me is just so tremendous. It's a lovely feeling.",189
6,x,918,Oodgeroo Noonuccal,"In the Aboriginal world we give way to all emotions. In the 'British', the present white generation of Australian people have been told that to cry is weakness... But in the Aboriginal world, to cry is a beautiful thing. To us it's compassion...",245
2,x,919,Oodgeroo Noonuccal,"Let no one say the past is dead. The past is all about us and within... I am away at the campfire in the bush, among my own people, sitting on the ground, no walls about me, the stars over me, the tall surrounding trees that stir in the wind making their own music...",267
2,,920,Oodgeroo Noonuccal,"We are the quiet daybreak paling the dark lagoon. We are the shadow-ghosts creeping back as the camp fires burn low. We are nature and the past, all the old ways gone now and scattered.",185
2,,921,Malala Yousafzai,"If you want to resolve a dispute or come out from conflict, the very first thing is to speak the truth. If you have a headache and tell the doctor you have a stomachache, how can the doctor help? You must speak the truth. The truth will abolish fear.",250
2,,922,Malala Yousafzai,We realize the importance of our voices only when we are silenced.,66
2,,923,Malala Yousafzai,"When the whole world is silent, even one voice becomes powerful.",64
2,,924,Malala Yousafzai,We must believe in the power and strength of our words. Our words can change the world.,87
2,,925,Malala Yousafzai,"I raise up my voice--not so I can shout, but so that those without a voice can be heard.",88
1,,926,Malala Yousafzai,This is what my soul is telling me: be peaceful and love everyone.,66
2,,927,Malala Yousafzai,"If hating is the worst way to exert your energy, love is the best way to use your energy. The more you give, the more you get. Be compassionate. Tell those you love that you love them.",184
1,,928,Malala Yousafzai,I cannot believe how much love people have shown me.,52
5,x,929,Malala Yousafzai,We human beings don't realize how great God is. He has given us an extraordinary brain and a sensitive loving heart.,116
5,x,930,Malala Yousafzai,"We human beings don't realize how great God is. He has given us an extraordinary brain and a sensitive loving heart. He has blessed us with two lips to talk and express our feelings, two eyes which see a world of colours and beauty, two feet which walk on the road of life, two hands to work for us, and two ears to hear the words of love.",339
4,x,931,Malala Yousafzai,"I reassured my mother that it didn't matter to me if my face was not symmetrical. Me, who had always cared about my appearance, how my hair looked! But when you see death, things change. 'It doesn't matter if I can't smile or blink properly,' I told her. 'I'm still me, Malala. The important thing is God has given me my life.'",327
5,x,932,Malala Yousafzai,"How great God is! He has given us eyes to see the beauty of the world, hands to touch it, a nose to experience all its fragrance, and a heart to appreciate it all. But we don't realize how miraculous our senses are until we lose one.",233
2,,933,Octavia E. Butler,All that you touch You Change. All that you Change Changes you. The only lasting truth Is Change.,97
4,x,934,Octavia E. Butler,"Beware: Ignorance Protects itself. Ignorance Promotes suspicion. Suspicion Engenders fear. Fear quails, Irrational and blind, Or fear looms, Defiant and closed. Blind, closed, Suspicious, afraid, Ignorance Protects itself, And protected, Ignorance grows.",254
3,x,935,Octavia E. Butler,"Beware: All too often, We say What we hear others say. We think What we're told that we think. We see What we're permitted to see. Worse! We see what we're told that we see. Repetition and pride are the keys to this. To hear and to see Even an obvious lie Again And again and again May be to say it, Almost by reflex Then to defend it Because we've said it And at last to embrace it Because we've defended it And because we cannot admit That we've embraced and defended An obvious lie. Thus, without thought, Without intent, We make Mere echoes Of ourselves-- And we say What we hear others say.",595
2,,936,Octavia E. Butler,"He thought about that for a moment, wondered what he should say. The truth or nothing. The truth.",97
2,,937,Octavia E. Butler,"I'm trying to speak--to write--the truth. I'm trying to be clear. I'm not interested in being fancy, or even original. Clarity and truth will be plenty, if I can only achieve them.",180
2,,938,Octavia E. Butler,Kindness eases change. Love quiets fear.,40
2,,939,Octavia E. Butler,"Kindness eases change. Love quiets fear. And a sweet and powerful positive obsession blunts pain, diverts rage, and engages each of us in the greatest, the most intense of our chosen struggles.",193
3,x,940,Octavia E. Butler,"The child in each of us knows paradise. Paradise is home. Home as it was or home as it should have been. Paradise is one's own place, one's own people, one's own world, knowing and known, perhaps even loving and loved.",218
3,x,941,Octavia E. Butler,"My God doesn't love me or hate me or watch over me or know me at all, and I feel no love for or loyalty to my God. My God just is.",130
2,,942,Octavia E. Butler,You are horror and beauty in rare combination.,46
6,x,943,Octavia E. Butler,"A partner must be biologically interesting, attractive to us, and you are fascinating. You are horror and beauty in rare combination. In a very real way, you've captured us, and we can't escape. But you're more than only the composition and the workings of your bodies. You are your personalities, your cultures.",312
7,x,944,Octavia E. Butler,Nothing. It just finds you a lot more attractive than it does most Humans. What can you do with a beautiful woman that you can't do with an ugly one? Nothing. It's just a matter of preference.,192
2,,945,Sappho,"Although only breath, words which I command are immortal.",57
2,,946,Sappho,What cannot be said will be wept.,33
4,x,947,Sappho,"May I write words more naked than flesh, stronger than bone, more resilient than sinew, sensitive than nerve.",109
3,x,948,Sappho,"Beauty endures only for as long as it can be seen; goodness, beautiful today, will remain so tomorrow.",102
2,,949,Sappho,"Someone, I tell you, in another time will remember us.",54
2,,950,Sappho,Love shook my heart like the wind on the mountain rushing over the oak trees.,77
2,,951,Sappho,"Once again love drives me on, that loosener of limbs, bittersweet creature against which nothing can be done.",109
5,x,952,Sappho,"With his venom irresistible and bittersweet, that loosener of limbs, Love reptile-like strikes me down.",103
2,,953,Sappho,"Without warning, as a whirlwind swoops on an oak, Love shakes my heart.",71
2,,954,Sappho,"Stand and face me, my love, and scatter the grace in your eyes.",63
2,,955,Sappho,"From all the offspring of the earth and heaven, love is the most precious.",74
2,,956,Sappho,Love is a cunning weaver of fantasies and fables.,49
5,x,957,Sappho,"He who is fair to look upon is good, and he who is good will soon be fair also.",79
2,,958,Sappho,Whatever one loves most is beautiful.,37
2,,959,Sappho,"Stars veil their beauty soon / Beside the glorious moon, / When her full silver light / Doth make the whole earth bright.",121
2,,960,Sappho,The evening star is the most beautiful of all stars.,52
6,x,961,Dante Alighieri,"Go forth and preach impostures to the world, But give them truth to build on.",77
3,x,962,Dante Alighieri,"The truth thy speech doth show, within my heart reproves the swelling pride.",76
6,x,963,Dante Alighieri,"When truth looks like a lie, a man's to blame not to sit still, if he can, and hold his tongue, or he'll only cover his innocent head with shame.",145
4,x,964,Dante Alighieri,"O conscience, upright and stainless, how bitter a sting to thee is a little fault!",82
3,x,965,Dante Alighieri,"Consider your origin; you were not born to live like brutes, but to follow virtue and knowledge.",96
2,,966,Dante Alighieri,Love and the gracious heart are a single thing... One can no more be without the other than the reasoning mind without its reason.,130
4,x,967,Dante Alighieri,Love hath so long possessed me for his own and made his lordship so familiar.,77
3,x,968,Dante Alighieri,"Love, which absolves no one beloved from loving, seized me so strongly with his charm that, as you see, it does not leave me yet.",129
2,,969,Dante Alighieri,"Love, that moves the sun and the other stars.",45
4,x,970,Dante Alighieri,"Thus you may understand that love alone is the true seed of every merit in you, and of all acts for which you must atone.",121
2,,971,Dante Alighieri,Beauty awakens the soul to act.,31
5,x,972,Dante Alighieri,She is the sum of nature's universe. To her perfection all of beauty tends.,75
5,x,973,Dante Alighieri,"Heat cannot be separated from fire, or beauty from The Eternal.",63
2,,974,Dante Alighieri,"The image of her when she starts to smile dissolves within the mind and melts away, a miracle too rich and strange to hold.",123
4,x,975,Michelangelo Buonarroti,The true work of art is but a shadow of the divine perfection.,62
4,x,976,Michelangelo Buonarroti,Faith in oneself is the best and safest course.,47
2,,977,Michelangelo Buonarroti,A man paints with his brains and not with his hands.,52
5,x,978,Michelangelo Buonarroti,"The promises of this world are, for the most part, vain phantoms; and to confide in one's self, and become something of worth and value is the best and safest course.",166
5,x,979,Michelangelo Buonarroti,What do you despise? By this you are truly known.,49
6,x,980,Michelangelo Buonarroti,I live and love in God's peculiar light.,40
2,,981,Michelangelo Buonarroti,Death and love are the two wings that bear the good man to heaven.,66
4,x,982,Michelangelo Buonarroti,"If it be true that any beautiful thing raises the pure and just desire of man from earth to God, the eternal fount of all, such I believe my love.",146
4,x,983,Michelangelo Buonarroti,"If I love in thee, beloved, only what thou lovest most, do not be angry; for so one spirit is enamoured of another.",115
3,x,984,Michelangelo Buonarroti,"Your beauty, Love, is not a mortal thing: there is no face among us that can match the image in the heart you rule and touch with fire.",135
4,x,985,Michelangelo Buonarroti,"Love is the wing given by God to the soul, so it can fly until it reaches Him.",78
3,x,986,Michelangelo Buonarroti,Beauty is the purgation of superfluities.,41
2,,987,Michelangelo Buonarroti,My soul can find no staircase to Heaven unless it be through Earth's loveliness.,80
3,x,988,Michelangelo Buonarroti,Every beauty which is seen here by persons of perception resembles more than anything else that celestial source from which we all are come.,140
5,x,989,Michelangelo Buonarroti,"What spirit is so empty and blind, that it cannot recognize the fact that the foot is more noble than the shoe, and skin more beautiful than the garment with which it is clothed?",178
2,,990,Michelangelo Buonarroti,A beautiful thing never gives so much pain as does failing to hear and see it.,78
3,x,991,Johann Wolfgang von Goethe,"Truth is a torch but a tremendous one. That is why we hurry past it, shielding our eyes, indeed, in fear of getting burned.",123
3,x,992,Johann Wolfgang von Goethe,"Error is related to truth as sleeping is to waking. I have observed that when one has been in error, one turns to truth as though revitalized.",142
2,,993,Johann Wolfgang von Goethe,"First and last, what is demanded of genius is love of truth.",60
4,x,994,Johann Wolfgang von Goethe,"It is easier to perceive error than to find truth, for the former lies on the surface and is easily seen, while the latter lies in the depth, where few are willing to search for it.",181
4,x,995,Johann Wolfgang von Goethe,"Truth must be repeated again and again, because error is constantly being preached round about.",95
2,,996,Johann Wolfgang von Goethe,Love does not dominate; it cultivates.,38
2,,997,Johann Wolfgang von Goethe,We are shaped and fashioned by what we love.,44
5,x,998,Johann Wolfgang von Goethe,"Love is an ideal thing, marriage a real thing; a confusion of the real with the ideal never goes unpunished.",108
4,x,999,Johann Wolfgang von Goethe,"This is the true measure of love: when we believe that we alone can love, that no one could ever have loved so before us, and that no one will ever love in the same way after us.",178
6,x,1000,Johann Wolfgang von Goethe,"If I love you, what business is it of yours?",44
2,,1001,Johann Wolfgang von Goethe,Love and desire are the spirit's wings to great deeds.,54
5,x,1002,Johann Wolfgang von Goethe,"To be loved for what one is, that is the greatest exception. The great majority love in others only what they lend him; their own selves, their version of him.",159
2,,1003,Johann Wolfgang von Goethe,I love those who yearn for the impossible.,42
2,,1004,Johann Wolfgang von Goethe,The soul that sees beauty may sometimes walk alone.,51
2,,1005,Johann Wolfgang von Goethe,"All the knowledge I possess everyone else can acquire, but my heart is all my own.",82
2,,1006,Johann Wolfgang von Goethe,"Beauty is a manifestation of secret natural laws, which otherwise would have been hidden from us forever.",105
2,,1007,Johann Wolfgang von Goethe,Beauty is everywhere a welcome guest.,37
2,,1008,Johann Wolfgang von Goethe,"Beauty is a primeval phenomenon, which itself never makes its appearance, but the reflection of which is visible in a thousand different utterances of the creative mind, and is as various as nature herself.",206
2,,1009,Johann Wolfgang von Goethe,The ideal of beauty is simplicity and tranquility.,50
3,x,1010,Friedrich Schiller,Truth lives on in the midst of deception.,41
3,x,1011,Friedrich Schiller,"Truth exists for the wise, beauty for the feeling heart.",56
3,x,1012,Friedrich Schiller,"Rarely do we arrive at the summit of truth without running into extremes; we have frequently to exhaust the part of error, and even of folly, before we work our way up to the noble goal of tranquil wisdom.",205
3,x,1013,Friedrich Schiller,It is difficult to discriminate the voice of truth from amid the clamor raised by heated partisans.,99
2,,1014,Friedrich Schiller,Truth is more than a dream and a song.,38
3,x,1015,Friedrich Schiller,Love is only known by him who hopelessly persists in love.,58
2,,1016,Friedrich Schiller,"O tender yearning, sweet hoping! The golden time of first love! The eye sees the open heaven, The heart is intoxicated with bliss; O that the beautiful time of young love Could remain green forever.",198
2,,1017,Friedrich Schiller,"The passion doth fly. Love must be enduring; The flowers fade by, Fruit must be maturing.",89
5,x,1018,Friedrich Schiller,"He, that noble prize possessing-- He that boasts a friend that's true, He whom woman's love is blessing, Let him join the chorus too!",133
6,x,1019,Friedrich Schiller,"Bow before Him, all creation! Mortals, own the God of love! Seek Him high the stars above,-- Yonder is His habitation!",118
2,,1020,Friedrich Schiller,Grace is the beauty of form under the influence of freedom.,59
5,x,1021,Friedrich Schiller,"Physical beauty is the sign of an interior beauty, a spiritual and moral beauty which is the basis, the principle, and the unity of the beautiful.",146
2,,1022,Friedrich Schiller,It is through beauty that we arrive at freedom.,47
3,x,1023,Friedrich Schiller,"Only through Beauty's morning gate, dost thou enter the land of Knowledge.",74
3,x,1024,Fyodor Dostoevsky,"Above all, don't lie to yourself. The man who lies to himself and listens to his own lie comes to a point that he cannot distinguish the truth within him, or around him, and so loses all respect for himself and for others. And having no respect he ceases to love.",263
3,x,1025,Fyodor Dostoevsky,"Nothing in this world is harder than speaking the truth, nothing easier than flattery.",86
2,,1026,Fyodor Dostoevsky,Lying to ourselves is more deeply ingrained than lying to others.,65
3,x,1027,Fyodor Dostoevsky,Through error you come to the truth! I am a man because I err! You never reach any truth without making fourteen mistakes and very likely a hundred and fourteen.,161
6,x,1028,Fyodor Dostoevsky,"The most offensive is not their lying1one can always forgive lyinglying is a delightful thing, for it leads to truthwhat is offensive is that they lie and worship their own lying.",182
7,x,1029,Fyodor Dostoevsky,To love someone means to see them as God intended them.,55
4,x,1030,Fyodor Dostoevsky,Love in action is a harsh and dreadful thing compared to love in dreams.,72
2,,1031,Fyodor Dostoevsky,What is hell? I maintain that it is the suffering of being unable to love.,74
2,,1032,Fyodor Dostoevsky,"Love the animals, love the plants, love everything. If you love everything, you will perceive the divine mystery in things.",123
6,x,1033,Fyodor Dostoevsky,"The more I love humanity in general, the less I love man in particular.",71
5,x,1034,Fyodor Dostoevsky,"On our earth we can only love with suffering and through suffering. We cannot love otherwise, and we know of no other sort of love.",131
5,x,1035,Fyodor Dostoevsky,To love is to suffer and there can be no love otherwise.,56
4,x,1036,Fyodor Dostoevsky,"Beauty is a terrible and awful thing! It is terrible because it has not been fathomed and never can be fathomed, for God sets us nothing but riddles.",149
5,x,1037,Fyodor Dostoevsky,Beauty will save the world.,27
6,x,1038,Fyodor Dostoevsky,The awful thing is that beauty is mysterious as well as terrible. God and the devil are fighting there and the battlefield is the heart of man.,143
2,,1039,Fyodor Dostoevsky,Beauty is a riddle.,19
2,,1040,Leo Tolstoy,"Truth, like gold, is to be obtained not by its growth, but by washing away from it all that is not gold.",104
5,x,1041,Leo Tolstoy,"To tell the truth is very difficult, and young people are rarely capable of it.",79
5,x,1042,Leo Tolstoy,"I know that most men, including those at ease with problems of the greatest complexity, can seldom accept even the simplest and most obvious truth if it be such as would oblige them to admit the falsity of conclusions which they have delighted in explaining to colleagues, which they have proudly taught to others, and which they have woven, thread by thread, into the fabric of their lives.",391
4,x,1043,Leo Tolstoy,"The hero of my tale, whom I love with all the power of my soul, whom I have tried to portray in all his beauty, who has been, is, and will be beautiful, is Truth.",162
5,x,1044,Leo Tolstoy,"Only the truth and its expression can establish that new public opinion which will reform the ancient obsolete and pernicious order of life; and yet we not only do not express the truth we know, but often even distinctly give expression to what we ourselves regard as false.",274
2,,1045,Leo Tolstoy,"All, everything that I understand, I understand only because I love.",68
2,,1046,Leo Tolstoy,"Seize the moments of happiness, love and be loved! That is the only reality in the world, all else is folly.",108
2,,1047,Leo Tolstoy,"When you love someone, you love the person as they are, and not as you'd like them to be.",89
2,,1048,Leo Tolstoy,"It is not beauty that endears, it's love that makes us see beauty.",66
4,x,1049,Leo Tolstoy,Respect was invented to cover the empty place where love should be.,67
2,,1050,Leo Tolstoy,"Love is life. All, everything that I understand, I understand only because I love.",82
2,,1051,Leo Tolstoy,"Love hinders death. Love is life. All, everything that I understand, I understand only because I love.",102
5,x,1052,Leo Tolstoy,To love is to suffer and there can be no love otherwise.,56
2,,1053,Leo Tolstoy,There are as many kinds of love as there are hearts.,52
3,x,1054,Leo Tolstoy,"The more one loves, the closer one reaches to God.",50
4,x,1055,Leo Tolstoy,It is amazing how complete is the delusion that beauty is goodness.,67
5,x,1056,Leo Tolstoy,What a strange illusion it is to suppose that beauty is goodness.,65
2,,1057,Leo Tolstoy,We call beauty that which supplies us with a particular pleasure.,65
4,x,1058,Leo Tolstoy,"The idea of beauty is the fundamental idea of everything. In the world we see only distortions of the fundamental idea, but art, by imagination, may lift itself to the height of this idea. Art is therefore akin to creation.",223
2,,1059,Rainer Maria Rilke,Do not allow yourself to be misled by the surfaces of things.,61
2,,1060,Rainer Maria Rilke,"I want to unfold. I don't want to stay folded anywhere, because where I am folded, there I am a lie.",100
2,x,1061,Rainer Maria Rilke,"Be patient toward all that is unsolved in your heart and try to love the questions themselves, like locked rooms and like books that are now written in a very foreign tongue. Do not now seek the answers, which cannot be given you because you would not be able to live them. And the point is, to live everything. Live the questions now. Perhaps you will then gradually, without noticing it, live along some distant day into the answer.",434
2,,1062,Rainer Maria Rilke,"Your doubt can become a good quality if you train it. It must become knowing, it must become criticism.",103
2,,1063,Rainer Maria Rilke,"For one human being to love another; that is perhaps the most difficult of all our tasks, the ultimate, the last test and proof, the work for which all other work is but preparation.",182
2,,1064,Rainer Maria Rilke,"Love consists in this, that two solitudes protect and touch and greet each other.",81
3,x,1065,Rainer Maria Rilke,"We need, in love, to practice only this: letting each other go. For holding on comes easily; we do not need to learn it.",120
2,,1066,Rainer Maria Rilke,"This is the miracle that happens every time to those who really love: the more they give, the more they possess.",112
2,,1067,Rainer Maria Rilke,"Believe in a love that is being stored up for you like an inheritance, and have faith that in this love there is a strength and a blessing so large that you can travel as far as you wish without having to step outside it.",221
2,,1068,Rainer Maria Rilke,"Perhaps all the dragons in our lives are princesses who are only waiting to see us act, just once, with beauty and courage. Perhaps everything that frightens us is, in its deepest essence, something helpless that wants our love.",228
6,x,1069,Rainer Maria Rilke,"For beauty is nothing but the beginning of terror which we are barely able to endure, and it amazes us so, because it serenely disdains to destroy us. Every angel is terrible.",175
2,,1070,Rainer Maria Rilke,"But there is much beauty here, because there is much beauty everywhere.",71
2,,1071,Rainer Maria Rilke,Let everything happen to you: beauty and terror. Just keep going. No feeling is final.,86
2,,1072,Rainer Maria Rilke,"Perhaps all the dragons in our lives are princesses who are only waiting to see us act, just once, with beauty and courage.",123
5,x,1073,Langston Hughes,"Life is a system of half-truths and lies, Opportunistic, convenient evasion.",76
5,x,1074,Langston Hughes,"I did not believe political directives could be successfully applied to creative writing... not to poetry or fiction, which to be valid had to express as truthfully as possible the individual emotions and reactions of the writer.",229
6,x,1075,Langston Hughes,We younger Negro artists who create now intend to express our individual dark-skinned selves without fear or shame.,115
4,x,1076,Langston Hughes,Gather up In the arms of your love--Those who expect No love from above.,72
3,x,1077,Langston Hughes,"To some people Love is given, To others Only Heaven.",52
2,,1078,Langston Hughes,"Out of love, No regrets-- Though the goodness Be wasted forever. Out of love, No regrets-- Though the return Be never.",118
3,x,1079,Langston Hughes,Love is a naked shadow On a gnarled and naked tree.,51
2,,1080,Langston Hughes,"Well, I like to eat, sleep, drink, and be in love. I like to work, read, learn, and understand life.",100
2,,1081,Langston Hughes,Perhaps the mission of an artist is to interpret beauty to people - the beauty within themselves.,97
5,x,1082,Langston Hughes,"We younger Negro artists who create now intend to express our individual dark-skinned selves without fear or shame. If white people are pleased, we are glad. If they are not, it doesn't matter. We know we are beautiful. And ugly too.",233
8,x,1083,Langston Hughes,"Beauty for some provides escape, who gain a happiness in eyeing the gorgeous buttocks of the ape or Autumn sunsets exquisitely dying.",133
4,x,1084,Langston Hughes,"The night is beautiful, so the faces of my people.",50
4,x,1085,Kabir,"What is seen is not the Truth. What is cannot be said. Trust comes not without seeing, nor understanding without words. The wise comprehends with knowledge; to the ignorant, it is but a wonder.",193
2,,1086,Kabir,"If you want the truth, I'll tell you the truth: Listen to the secret sound, the real sound, which is inside you.",112
2,,1087,Kabir,The truth of love is the truth of the universe: it is the lamp of the soul that reveals the secrets of darkness.,112
4,x,1088,Kabir,"They call Him Emptiness who is the Truth of truths, in Whom all truths are stored!",82
2,,1089,Kabir,"Listen to your own Self. If you listen to that Self within, then you find the Truth.",84
2,,1090,Kabir,"Love does not grow on trees or brought in the market, but if one wants to be 'loved' one must first know how to give unconditional love.",136
2,,1091,Kabir,The river that flows in you also flows in me.,45
2,,1092,Kabir,"Listen, my friend. He who loves understands.",44
3,x,1093,Kabir,"Open your eyes of love, and see Him who pervades this world!",60
2,,1094,Kabir,"The flute of the infinite is played without ceasing, and its sound is love.",75
2,,1095,Kabir,The Beloved is inside you and also inside me. You know the tree is hidden inside the seed. Let your arrogance go. None of us has gone far. Inside love there is more power than we realize.,187
3,x,1096,Kabir,"Do not go to the garden of flowers! O Friend! go not there; In your body is the garden of flowers. Take your seat on the thousand petals of the lotus, and there gaze on the Infinite Beauty.",189
2,,1097,Kabir,"The moon shines in my body, but my blind eyes cannot see it: The moon is within me, and so is the sun.",102
2,,1098,Kabir,"Wear a crown of flowers on your head, let its roots reach your heart.",69
2,,1099,Kabir,"The light of the sun is seen by all, but it is only the owl that sees the beauty of the night.",94
2,,1100,Ibn ʿArabi,Be established in truth.,24
2,,1101,Ibn ʿArabi,The truth will not perish.,26
4,x,1102,Ibn ʿArabi,"The ignorant one does not see his ignorance as he basks in its darkness; nor does the knowledgeable one see his own knowledge, for he basks in its light.",153
4,x,1103,Ibn ʿArabi,"Do not attach yourself to any particular creed exclusively, so that you may disbelieve all the rest; otherwise you lose much good, nay, you will fail to recognize the real truth of the matter.",192
2,,1104,Ibn ʿArabi,"If the heart is filled with faith, it will guide you to the truth.",66
5,x,1105,Ibn ʿArabi,"My heart can take on any form: A meadow for gazelles, A cloister for monks, For the idols, sacred ground, Ka'ba for the circling pilgrim, The tables of the Torah, The scrolls of the Quran. My creed is Love; Wherever its caravan turns along the way, That is my belief, My faith.",277
3,x,1106,Ibn ʿArabi,"I believe in the religion of Love, whatever direction its caravans may take, for Love is my religion and my faith.",114
4,x,1107,Ibn ʿArabi,None but God is loved in the existent things. It is He who is manifest within every beloved to the eye of every lover - and there is nothing in the existent realm that is not a lover.,183
3,x,1108,Ibn ʿArabi,"I follow the Way of Love, and where Love's caravan takes its path, there is my religion, my faith.",98
2,,1109,Ibn ʿArabi,Love is the universal truth that binds the world together.,58
2,,1110,Ibn ʿArabi,God is beautiful and He loves beauty.,37
7,x,1111,Ibn ʿArabi,The sight of God in woman is the most perfect of all.,53
3,x,1112,Ibn ʿArabi,"It is He who is revealed in every face, sought in every sign, gazed upon by every eye, worshipped in every object of worship, and pursued in the unseen and the visible. Not a single one of His creatures can fail to find Him in its primordial and original nature.",262
6,x,1113,Ibn ʿArabi,"Oh, her beauty--the tender maid! Its brilliance gives light like lamps to one travelling in the dark. She is a pearl hidden in a shell of hair as black as jet, A pearl for which Thought dives and remains unceasingly in the deeps of that ocean. He who looks upon her deems her to be a gazelle of the sand-hills, because of her shapely neck and the loveliness of her gestures.",374
2,,1114,Ibn ʿArabi,Beauty is the welcoming openness of the Truth toward us.,56
4,x,1115,Du Fu,"The nation is ruined, but mountains and rivers remain.",54
2,,1116,Du Fu,"I see shining fish struggling within tight nets, while I hear orioles singing carefree tunes. Even trivial creatures know the difference between freedom and bondage. Sympathy and compassion should be but natural to the human heart.",231
4,x,1117,Du Fu,"Blue is the smoke of war, white the bones of men.",49
4,x,1118,Du Fu,"The bitter pinecone may be eaten, the mist on high give nourishment. The whole world takes to go-and-getting; my way alone is difficult.",136
6,x,1119,Du Fu,But he just sees his new mistress' smile; How can he hear his old woman weep?,77
5,x,1120,Du Fu,All we see is the new wife's laughter; who hears the old wife's cries?,70
2,,1121,Du Fu,"The brook was pure in its mountain source, but away from the mountain its waters darken.",88
4,x,1122,Du Fu,Tonight the Fu-Chou moon watches your lonely bedroom.,53
2,,1123,Du Fu,"I am far away, but I love my little son, my daughter.",53
2,,1124,Du Fu,How to describe Tai mountain? Its green towers above all of Chi and Lu! Here the Creator concentrated divine beauty; its north and south sides split dark from dawn.,164
2,,1125,Du Fu,Who is lovelier than she? Yet she lives alone in an empty valley.,65
5,x,1126,Du Fu,"Receptive, aloof, sweet-mannered, sincere, with soft fine skin and well-balanced bone.",86
2,,1127,Du Fu,"Beneath the light, the river and hills are beautiful, The spring breeze bears the fragrance of flowers and grass.",113
5,x,1128,Sei Shōnagon,A man who has nothing in particular to recommend him discusses all sorts of subjects at random as if he knew everything.,120
5,x,1129,Sei Shōnagon,"One is telling a story about old times when someone breaks in with a little detail that he happens to know, implying that one's own version is inaccurate -- disgusting behavior!",177
5,x,1130,Sei Shōnagon,Sometimes a person who is utterly devoid of charm will try to create a good impression by using very elegant language; yet he only succeeds in being ridiculous.,160
4,x,1131,Sei Shōnagon,"Someone who butts in when you're talking and smugly provides the ending herself. Indeed anyone who butts in, be they child or adult, is most infuriating.",153
6,x,1132,Sei Shōnagon,In life there are two things which are dependable. The pleasures of the flesh and the pleasures of literature.,110
4,x,1133,Sei Shōnagon,A good lover will behave just as elegantly at dawn as at any other time.,72
4,x,1134,Sei Shōnagon,"If someone with whom one is having an affair keeps on mentioning some woman whom he knew in the past, however long ago it is since they separated, one is always irritated.",171
2,,1135,Sei Shōnagon,"When one has stopped loving somebody, one feels that he has become someone else, even though he is still the same person.",121
5,x,1136,Sei Shōnagon,"Far, yet near; such is the relationship of a man and a woman.",61
2,,1137,Sei Shōnagon,"In spring it is the dawn that is most beautiful. As the light creeps over the hills, their outlines are dyed a faint red and wisps of purplish cloud trail over them.",165
4,x,1138,Sei Shōnagon,"To wash your hair, apply your makeup and put on clothes that are well-scented with incense. Even if you're somewhere where no one special will see you, you still feel a heady sense of pleasure inside.",200
3,x,1139,Sei Shōnagon,Elegant Things: A white coat worn over a violet waistcoat. Duck eggs. Shaved ice mixed with liana syrup and put in a new silver bowl. A rosary of rock crystal. Wisteria blossoms. Plum blossoms covered with snow. A pretty child eating strawberries.,247
4,x,1140,Sei Shōnagon,"Things That Lose by Being Painted: Pinks, cherry blossoms, yellow roses. Men or women who are praised in romances as being beautiful.",133
3,x,1141,Sei Shōnagon,Splendid Things: Chinese brocade. A sword with a decorated scabbard. The grain of the wood in a Buddhist statue. Long flowering branches of beautifully coloured wistaria entwined about a pine tree.,197
2,,1142,Li Bai,"Since life is but a dream, why toil to no avail?",48
3,x,1143,Li Bai,The world is like a great empty dream. Why should one toil away one's life?,75
3,x,1144,Li Bai,"You ask me why I dwell in the green mountain; I smile and make no reply for my heart is free of care. As the peach-blossom flows down stream and is gone into the unknown, I have a world apart that is not among men.",214
2,,1145,Li Bai,All the birds have flown up and gone; A lonely cloud floats leisurely by. We never tire of looking at each other--Only the mountain and I.,138
5,x,1146,Li Bai,"How beautiful she looks, opening the pearly casement, / And how quiet she leans, and how troubled her brow is! / You may see the tears now, bright on her cheek, / But not the man she so bitterly loves.",201
2,x,1147,Li Bai,"Fair one, when you were here, I filled the house with flowers. / Fair one, now you are gone--only an empty couch is left. / On the couch the embroidered quilt is rolled up; I cannot sleep. / It is three years since you went. The perfume you left behind haunts me still.",269
4,x,1148,Li Bai,"Her robe is a cloud, her face a flower; / Her balcony, glimmering with the bright spring dew, / Is either the tip of earth's Jade Mountain / Or a moon-edged roof of paradise.",174
7,x,1149,Li Bai,"At fourteen I married My Lord you. / I never laughed, being bashful. / Lowering my head, I looked at the wall. / Called to, a thousand times, I never looked back.",162
5,x,1150,Li Bai,"Long time thinking of each other, you in Chang'an / Autumn crickets chirp in a hidden courtyard / Frost beginning to accumulate on the cold bamboo mat / Solitary lamp dim, my desires on a short wick / Roll up the curtain, long sigh, gaze into the distance at the moon and sky / Beautiful ladies like blossoms behind a partition of clouds.",338
4,x,1151,Li Bai,"A branch of peony with her fragrance impearled, / Sweeter than Mountain Goddess bringing showers in dreams, / Unrivalled by the beauties of the ancient world, / Not even by Flying Swallow in her dress that gleams.",213
5,x,1152,Li Bai,"The Beauty comes from South, / Blooming like lotus flower. / Her teeth brighten her mouth, / She's lofty like a tower.",118
7,x,1153,Léopold Sédar Senghor,"To think and act by ourselves and for ourselves, as Negroes..., to access modernity without trampling on our authenticity.",122
5,x,1154,Léopold Sédar Senghor,"No one has the right to erase my culture, because a community without culture is a people without human beings.",111
9,x,1155,Léopold Sédar Senghor,"Unlike the classical European, the Negro-African does not distinguish himself from the object, he does not hold it at a distance, he does not look at it, he does not analyse it. He touches it, he feels it, he smells it.",219
3,x,1156,Léopold Sédar Senghor,I have always taken care to put an idea or emotion behind my words. I have made it a habit to be suspicious of the mere music of words.,135
3,x,1157,Léopold Sédar Senghor,The civilization of the twentieth century cannot be universal except by being a dynamic synthesis of all the cultural values of all civilizations.,146
6,x,1158,Léopold Sédar Senghor,"Femme nue, femme noire / Vêtue de ta couleur qui est vie, de ta forme qui est beauté / J'ai grandi à ton ombre; la douceur de tes mains bandait mes yeux / Et voilà qu'au cœur de l'Été et de Midi, / Je te découvre, Terre promise, du haut d'un haut col calciné / Et ta beauté me foudroie en plein cœur, comme l'éclair d'un aigle.",337
3,x,1159,Léopold Sédar Senghor,"Je chante ta beauté qui passe, forme que je fixe dans l'Éternel, avant que le destin jaloux ne te réduise en cendres pour nourrir les racines de la vie.",155
2,,1160,Léopold Sédar Senghor,"Danser, c'est découvrir et recréer, surtout lorsque la danse est danse d'amour. C'est, en tout cas, le meilleur mode de connaissance.",135
6,x,1161,Léopold Sédar Senghor,"Je veux assoupir ton cafard, mon amour, / Et l'endormir, / Te murmurer ce vieil air de blues / Pour l'endormir.",111
3,x,1162,Léopold Sédar Senghor,"Et puis tu es venue par l'aube douce, / Parée de tes yeux de prés verts / Que jonchent l'or et les feuilles d'automne. / Tu as pris ma tête / Dans tes mains délicates de fée, / Tu m'as embrassé sur le front / Et je me suis reposé au creux / De ton épaule, / Mon amie, mon amie, ô mon amie !",299
7,x,1163,Léopold Sédar Senghor,"Naked woman, black woman, clothed with your colour which is life, with your form which is beauty!",97
4,x,1164,Léopold Sédar Senghor,"I sing your beauty that passes, the form that I fix in the Eternal.",67
4,x,1165,Léopold Sédar Senghor,Your face has the beauty of ancient times! Bring out the pages perfumed with the music of the past.,99
4,x,1166,Léopold Sédar Senghor,"I sing of your passing beauty, a form I fix in the Eternal, before jealous fate reduces you to ashes to nourish the roots of life.",130
3,x,1167,Georgia O’Keeffe,"Nothing is less real than realism. Details are confusing. It is only by selection, by elimination, by emphasis, that we get at the real meaning of things.",154
3,x,1168,Georgia O’Keeffe,I have already settled it for myself so flattery and criticism go down the same drain and I am quite free.,106
2,,1169,Georgia O’Keeffe,I don't see why we ever think of what others think of what we do - no matter who they are. Isn't it enough just to express yourself?,132
3,x,1170,Georgia O’Keeffe,"I decided to start anew, to strip away what I had been taught.",62
2,,1171,Georgia O’Keeffe,I have things in my head that are not like what anyone has taught me. Shapes and ideas so near to me -- so natural to my way of being and thinking.,147
8,x,1172,Georgia O’Keeffe,"Dearest, my body is simply crazy with wanting you. If you don't come tomorrow, I don't see how I can wait for you. I wonder if your body wants mine the way mine wants yours--the kisses, the hotness, the wetness--all melting together, the being held so tight that it hurts. The strangle and the struggle.",303
3,x,1173,Georgia O’Keeffe,I'm getting to like you so tremendously that it sometimes scares me.,68
2,,1174,Georgia O’Keeffe,You are one of my nicest thoughts.,34
3,x,1175,Georgia O’Keeffe,And I am rather inclined to feel that you and I know the best part of one another without spending much time together--It is not that I fear the knowing--It is that I am at this moment willing to let you be what you are to me--it is beautiful and pure and very intensely alive.,277
2,,1176,Georgia O’Keeffe,Filling a space in a beautiful way--that is what art means to me.,65
2,,1177,Georgia O’Keeffe,"I decided that if I could paint that flower in a huge scale, you could not ignore its beauty.",93
2,,1178,Georgia O’Keeffe,"Nobody sees a flower really; it is so small. We haven't time, and to see takes time--like to have a friend takes time.",118
2,,1179,Georgia O’Keeffe,"When you take a flower in your hand and really look at it, it's your world for the moment.",90
2,,1180,Georgia O’Keeffe,Color is one of the great things in the world that makes life worth living to me.,81
4,x,1181,Sylvia Plath,The truth comes to me. The truth loves me.,42
6,x,1182,Sylvia Plath,I am not cruel 5only truthful.,30
4,x,1183,Sylvia Plath,"One thing, I try to be honest. And what is revealed is often rather hideously unflattering.",91
6,x,1184,Sylvia Plath,You know what lies are for.,27
4,x,1185,Sylvia Plath,I have room in me for love. And for ever so many little lives.,62
6,x,1186,Sylvia Plath,"Kiss me, and you will see how important I am.",45
4,x,1187,Sylvia Plath,How we need another soul to cling to.,37
6,x,1188,Sylvia Plath,I do not love; I do not love anybody except myself. That is a rather shocking thing to admit.,93
6,x,1189,Sylvia Plath,If they substituted the word 'Lust' for 'Love' in the popular songs it would come nearer the truth.,99
3,x,1190,Sylvia Plath,I thought the most beautiful thing in the world must be shadow.,63
3,x,1191,Sylvia Plath,"Perhaps some day I'll crawl back home, beaten, defeated. But not as long as I can make stories out of my heartbreak, beauty out of sorrow.",138
6,x,1192,Sylvia Plath,"If the moon smiled, she would resemble you. You leave the same impression of something beautiful, but annihilating.",115
4,x,1193,Sylvia Plath,"I am jealous of those who think more deeply, who write better, who draw better, who ski better, who look better, who live better, who love better than I.",153
2,,1194,Sylvia Plath,Beauty is a state of mind.,26
5,x,1195,Margaret Atwood,The only way you can write the truth is to assume that what you set down will never be read.,92
3,x,1196,Margaret Atwood,There may not be one Truth - there may be several truths - but saying that is not to say that reality doesn't exist.,116
5,x,1197,Margaret Atwood,"A truth should exist, it should not be used like this. If I love you is that a fact or a weapon?",96
2,,1198,Margaret Atwood,The truth may well turn out to be stranger than we think.,57
2,,1199,Margaret Atwood,Not real can tell us about real.,32
6,x,1200,Margaret Atwood,"If I love you, is that a fact or a weapon?",42
3,x,1201,Margaret Atwood,I would like to be the air that inhabits you for a moment only. I would like to be that unnoticed and that necessary.,117
7,x,1202,Margaret Atwood,The Eskimos had fifty-two names for snow because it was important to them: there ought to be as many for love.,110
5,x,1203,Margaret Atwood,Nobody dies from lack of sex. It's lack of love we die from.,60
4,x,1204,Margaret Atwood,Love's never a fair trade.,26
4,x,1205,Margaret Atwood,"That kind of love comes and goes and is hard to remember afterwards, like pain.",79
4,x,1206,Margaret Atwood,"Neither of us says the word love, not once. It would be tempting fate; it would be romance, bad luck.",101
4,x,1207,Margaret Atwood,"The beauty is an illusion, and also a warning: there's a dark side to beauty, as with poisonous butterflies.",108
5,x,1208,Margaret Atwood,"We should think only beautiful things, as much as we can. There is so much beautiful in the world if you look around. You are only looking at the dirt under your feet, Jimmy. It's not good for you.",197
6,x,1209,Margaret Atwood,"The alterations hadn't made her stunningly beautiful, but that wasn't the object. The object was to make her more invisible. Beauty is only skin deep, she thought. But why did they always say only?",197
7,x,1210,Margaret Atwood,"Luckily she was not too beautiful; extreme beauty put people off. Instead she looked healthy, vitaminized. Trustworthy.",119
4,x,1211,Margaret Atwood,When we think of the past it's the beautiful things we pick out. We want to believe it was all like that.,105
2,,1212,T. S. Eliot,"Poetry is not an assertion of truth, but the making of that truth more fully real to us.",88
6,x,1213,T. S. Eliot,"All significant truths are private truths. As they become public they cease to become truths; they become facts, or at best, part of the public character; or at worst, catchwords.",179
3,x,1214,T. S. Eliot,All our knowledge brings us nearer to our ignorance.,52
4,x,1215,T. S. Eliot,Knowledge is invariably a matter of degree: you cannot put your finger upon even the simplest datum and say 'this we know'.,123
5,x,1216,T. S. Eliot,Truth on our level is a different thing from truth for the jellyfish.,69
5,x,1217,T. S. Eliot,"I said to my soul, be still and wait without hope, for hope would be hope for the wrong thing; wait without love, for love would be love of the wrong thing; there is yet faith, but the faith and the love are all in the waiting.",227
3,x,1218,T. S. Eliot,"It's strange that words are so inadequate. Yet, like the asthmatic struggling for breath, so the lover must struggle for words.",127
5,x,1219,T. S. Eliot,Love is most nearly itself when here and now cease to matter.,61
3,x,1220,T. S. Eliot,"Not less of love, but expanding of love beyond desire, and so liberation from the Future as well as the past.",109
4,x,1221,T. S. Eliot,"There's no vocabulary for love within a family, love that's lived in but not looked at, love within the light of which all else is seen, the love within which all other love finds speech. This love is silent.",208
8,x,1222,T. S. Eliot,It is generally a feminine eye that first detects the moral deficiencies hidden under the 'dear deceit' of beauty.,114
2,,1223,T. S. Eliot,"To do the useful thing, to say the courageous thing, to contemplate the beautiful thing: that is enough for one man's life.",123
3,x,1224,T. S. Eliot,"The essential advantage for a poet is not to have a beautiful world with which to deal; it is to be able to see beneath both beauty and ugliness; to see the boredom, and the horror, and the glory.",196
2,,1225,René Magritte,"Everything we see hides another thing, we always want to see what is hidden by what we see.",91
4,x,1226,René Magritte,"We are surrounded by curtains. We only perceive the world behind a curtain of semblance. At the same time, an object needs to be covered in order to be recognized at all.",170
2,,1227,René Magritte,Everything that is visible hides something that is invisible.,61
2,,1228,René Magritte,"The mind loves the unknown. It loves images whose meaning is unknown, since the meaning of the mind itself is unknown.",118
5,x,1229,René Magritte,"My painting is visible images which conceal nothing... they evoke mystery and indeed when one sees one of my pictures, one asks oneself this simple question 'What does that mean'? It does not mean anything, because mystery means nothing either, it is unknowable.",262
2,,1230,René Magritte,"I hope for vibrant love, the impossible, the chimerical.",56
6,x,1231,René Magritte,I would sacrifice any freedom that stands in the way of love.,61
2,,1232,René Magritte,Love cannot be destroyed. I believe in its victory.,51
4,x,1233,René Magritte,"Nothing is as strong a defense as love, which allows lovers to enter into an enchanted world perfectly formed for them and where they are protected admirably by isolation.",171
4,x,1234,René Magritte,"I like subversive humor, freckles, women's knees and long hair, the laughter of playing children, and a girl running down the street.",133
2,,1235,René Magritte,Art evokes the mystery without which the world would not exist.,63
2,,1236,René Magritte,Each thing we see hides something else we want to see.,54
4,x,1237,Thich Nhat Hanh,"The secret of Buddhism is to remove all ideas, all concepts, in order for the truth to have a chance to penetrate, to reveal itself.",132
2,,1238,Thich Nhat Hanh,"A teacher cannot give you the truth. The truth is already in you. You only need to open yourself--body, mind, and heart--so that his or her teachings will penetrate your own seeds of understanding and enlightenment.",215
2,,1239,Thich Nhat Hanh,All the methods in the search for truth should be looked on as means rather than as ends in themselves or as absolute truth.,124
2,,1240,Thich Nhat Hanh,"The truth is the truth, whether or not it is accepted by the majority. Therefore, I tell you children, it takes great courage to stand up for and protect what is right.",168
2,,1241,Thich Nhat Hanh,To think in terms of either pessimism or optimism oversimplifies the truth. The problem is to see reality as it is.,115
2,,1242,Thich Nhat Hanh,"In true love, you attain freedom.",33
2,,1243,Thich Nhat Hanh,To love is to recognize; to be loved is to be recognized by the other.,70
1,,1244,Thich Nhat Hanh,"Love is the capacity to take care, to protect, to nourish.",58
2,,1245,Thich Nhat Hanh,"When you love someone, the best thing you can offer is your presence. How can you love if you are not there?",108
2,,1246,Thich Nhat Hanh,"Through my love for you, I want to express my love for the whole cosmos, the whole of humanity, and all beings.",111
2,,1247,Thich Nhat Hanh,To love without knowing how to love wounds the person we love.,62
2,,1248,Thich Nhat Hanh,Understanding someone's suffering is the best gift you can give another person. Understanding is love's other name.,115
2,,1249,Thich Nhat Hanh,You must love in such a way that the person you love feels free.,64
2,,1250,Thich Nhat Hanh,To be beautiful means to be yourself. You don't need to be accepted by others. You need to accept yourself.,107
2,,1251,Thich Nhat Hanh,"Because of your smile, you make life more beautiful.",52
4,x,1252,Thich Nhat Hanh,"As long as you find something beautiful, good, and true to believe in and abide by, you have the equivalent of God in your life.",128
4,x,1253,Thich Nhat Hanh,"As a culture, we place great stock in external appearance. Our attachment to physical beauty is something that we need to let go of, yet it seems that the majority of people are racing toward it.",195
5,x,1254,Thich Nhat Hanh,"You cultivate the flower in yourself, so that I can be beautiful.",65
2,,1255,Nelson Mandela,"Honour belongs to those who never forsake the truth even when things seem dark and grim, who try over and over again, who are never discouraged by insults, humiliation and even defeat.",184
2,,1256,Nelson Mandela,"As I have said, the first thing is to be honest with yourself. You can never have an impact on society if you have not changed yourself... Great peacemakers are all people of integrity, of honesty, but humility.",211
2,,1257,Nelson Mandela,"Honesty, sincerity, simplicity, humility, pure generosity, absence of vanity, readiness to serve others--qualities which are within easy reach of every soul--are the foundation of one's spiritual life.",201
4,x,1258,Nelson Mandela,"People tend to measure themselves by external accomplishments, but jail allows a person to focus on internal ones; such as honesty, sincerity, simplicity, humility, generosity and an absence of variety. You learn to look into yourself.",235
2,,1259,Nelson Mandela,"Great peacemakers are all people of integrity, of honesty, but humility.",72
2,x,1260,Nelson Mandela,"No one is born hating another person because of the color of his skin, or his background, or his religion. People must learn to hate, and if they can learn to hate, they can be taught to love, for love comes more naturally to the human heart than its opposite.",260
2,,1261,Nelson Mandela,Love comes more naturally to the human heart than its opposite.,63
2,,1262,Nelson Mandela,"The path of those who preach love, and not hatred, is not easy. They often have to wear a crown of thorns.",106
2,,1263,Nelson Mandela,A good head and a good heart are always a formidable combination.,65
2,,1264,Nelson Mandela,We must strive to be moved by a generosity of spirit that will enable us to outgrow the hatred and conflicts of the past.,121
2,,1265,Nelson Mandela,The curious beauty about African music is that it uplifts even as it tells a sad story.,87
2,,1266,Nelson Mandela,"If there are dreams about a beautiful South Africa, there are also roads that lead to their goal. Two of these roads could be named Goodness and Forgiveness.",157
2,,1267,Nelson Mandela,"Never, never and never again shall it be that this beautiful land will again experience the oppression of one by another.",121
5,x,1268,Nelson Mandela,"The colour of my skin is beautiful, like the soil of Mother Africa.",67
2,,1269,Martin Luther King Jr.,"I believe that unarmed truth and unconditional love will have the final word in reality. This is why right, temporarily defeated, is stronger than evil triumphant.",163
4,x,1270,Martin Luther King Jr.,Nothing in all the world is more dangerous than sincere ignorance and conscientious stupidity.,94
2,,1271,Martin Luther King Jr.,Injustice anywhere is a threat to justice everywhere.,53
1,,1272,Martin Luther King Jr.,Darkness cannot drive out darkness; only light can do that. Hate cannot drive out hate; only love can do that.,110
2,,1273,Martin Luther King Jr.,We must remember that intelligence is not enough. Intelligence plus character--that is the goal of true education.,114
2,,1274,Martin Luther King Jr.,I have decided to stick with love. Hate is too great a burden to bear.,70
2,,1275,Martin Luther King Jr.,Love is the only force capable of transforming an enemy into friend.,68
1,,1276,Martin Luther King Jr.,Hatred paralyzes life; love releases it. Hatred confuses life; love harmonizes it. Hatred darkens life; love illuminates it.,124
2,,1277,Martin Luther King Jr.,We must develop and maintain the capacity to forgive. He who is devoid of the power to forgive is devoid of the power to love.,126
2,,1278,Martin Luther King Jr.,Everybody can be great...because anybody can serve. You don't have to have a college degree to serve. You don't have to make your subject and verb agree to serve. You only need a heart full of grace. A soul generated by love.,225
2,,1279,Martin Luther King Jr.,"Man must evolve for all human conflict a method which rejects revenge, aggression and retaliation. The foundation of such a method is love.",139
2,,1280,Martin Luther King Jr.,The beauty of genuine brotherhood and peace is more precious than diamonds or silver or gold.,93
2,,1281,Martin Luther King Jr.,Let us be dissatisfied until integration is not seen as a problem but as an opportunity to participate in the beauty of diversity.,130
2,,1282,Martin Luther King Jr.,The potential beauty of human life is constantly made ugly by man's ever-recurring song of retaliation.,103
2,x,1283,Martin Luther King Jr.,"Like an unchecked cancer, hate corrodes the personality and eats away its vital unity. Hate destroys a man's sense of values and objectivity. It causes him to describe the beautiful as ugly and the ugly as beautiful, and to confuse the true with the false and the false with the true.",284
6,x,1284,Martin Luther King Jr.,"We must stand up and say, 'I'm black and I'm beautiful,' and this self-affirmation is the black man's need, made compelling by the white man's crimes against him.",162
2,,1285,Desmond Tutu,Making the truth public is a form of justice. This is a moral universe and you've got to take account of the fact that truth and lies and goodness and evil are things that matter.,179
2,,1286,Desmond Tutu,There can be no healing without truth.,38
2,,1287,Desmond Tutu,"We must be ready to learn from one another, not claiming that we alone possess all truth and that somehow we have a corner on God.",130
4,x,1288,Desmond Tutu,"True reconciliation exposes the awfulness, the abuse, the hurt, the truth. It could even sometimes make things worse. It is a risky undertaking but in the end it is worthwhile, because in the end only an honest confrontation with reality can bring real healing.",261
2,,1289,Desmond Tutu,Language is very powerful. Language does not just describe reality. Language creates the reality it describes.,110
2,,1290,Desmond Tutu,"We are made for loving. If we don't love, we will be like plants without water.",79
2,,1291,Desmond Tutu,Love is much more demanding than law.,37
2,,1292,Desmond Tutu,When you are in love you strive to do the things that will please your lover.,77
4,x,1293,Desmond Tutu,Goodness is stronger than evil. Love is stronger than hate. Light is stronger than darkness. Life is stronger than death. Victory is ours through Him who loved us.,163
2,,1294,Desmond Tutu,We are made for goodness. We are made for love. We are made for friendliness. We are made for togetherness. We are made for all of the beautiful things that you and I know.,172
2,x,1295,Desmond Tutu,"We were made to enjoy music, to enjoy beautiful sunsets, to enjoy looking at the billows of the sea and to be thrilled with a rose that is bedecked with dew... Human beings are actually created for the transcendent, for the sublime, for the beautiful, for the truthful... and all of us are given the task of trying to make this world a little more hospitable to these beautiful things.",385
5,x,1296,Desmond Tutu,"History, like beauty, depends largely on the beholder, so when you read that, for example, David Livingstone discovered the Victoria Falls, you might be forgiven for thinking that there was nobody around the Falls until Livingstone arrived on the scene.",253
2,,1297,Albert Einstein,Truth is what stands the test of experience.,44
2,,1298,Albert Einstein,Anyone who doesn't take truth seriously in small matters cannot be trusted in large ones either.,96
2,,1299,Albert Einstein,The right to search for the truth implies also a duty; one must not conceal any part of what one has recognized to be the truth.,128
2,,1300,Albert Einstein,"If you are out to describe the truth, leave elegance to the tailor.",67
5,x,1301,Albert Einstein,Whoever undertakes to set himself up as a judge of Truth and Knowledge is shipwrecked by the laughter of the gods.,114
3,x,1302,Albert Einstein,Unthinking respect for authority is the greatest enemy of truth.,64
2,,1303,Albert Einstein,Gravitation is not responsible for people falling in love.,58
2,,1304,Albert Einstein,"When you trip over love, it is easy to get up. But when you fall in love, it is impossible to stand again.",106
2,,1305,Albert Einstein,Love is a better teacher than duty.,35
2,,1306,Albert Einstein,"However rare true love may be, it is less so than true friendship.",66
4,x,1307,Albert Einstein,"No, this trick won't work... How on earth are you ever going to explain in terms of chemistry and physics so important a biological phenomenon as first love?",157
2,,1308,Albert Einstein,The most beautiful thing we can experience is the mysterious. It is the source of all true art and science.,107
2,,1309,Albert Einstein,"The ideals which have lighted my way, and time after time have given me new courage to face life cheerfully, have been Kindness, Beauty, and Truth.",147
2,,1310,Albert Einstein,The pursuit of truth and beauty is a sphere of activity in which we are permitted to remain children all our lives.,115
2,,1311,Albert Einstein,Joy in looking and comprehending is nature's most beautiful gift.,65
2,,1312,Albert Einstein,Mozart's music is so pure and beautiful that I see it as a reflection of the inner beauty of the universe.,106
5,x,1313,Marie Curie,There are sadistic scientists who hurry to hunt down errors instead of establishing the truth.,94
2,,1314,Marie Curie,"Nothing in life is to be feared, it is only to be understood.",61
2,,1315,Marie Curie,Be less curious about people and more curious about ideas.,58
2,,1316,Marie Curie,One never notices what has been done; one can only see what remains to be done.,79
2,,1317,Marie Curie,I am among those who think that science has great beauty.,57
4,x,1318,Marie Curie,"I have the best husband one could dream of; I could never have imagined finding one like him. He is a true gift of heaven, and the more we live together the more we love each other.",181
2,,1319,Marie Curie,My husband and I were so closely united by our affection and our common work that we passed nearly all of our time together.,124
4,x,1320,Marie Curie,It's always good to marry your best friend.,43
4,x,1321,Marie Curie,Just remember you will find that one special love that you know is right but for some reason just doesn't last.,111
2,,1322,Marie Curie,I am among those who think that science has great beauty. A scientist in his laboratory is not only a technician: he is also a child placed before natural phenomena which impress him like a fairy tale.,201
3,x,1323,Marie Curie,"We must not forget that when radium was discovered no one knew that it would prove useful in hospitals. The work was one of pure science. And this is a proof that scientific work must not be considered from the point of view of the direct usefulness of it. It must be done for itself, for the beauty of science, and then there is always the chance that a scientific discovery may become like the radium a benefit for humanity.",426
2,,1324,Marie Curie,"All my life through, the new sights of Nature made me rejoice like a child.",75
2,x,1325,Carl Sagan,The truth may be puzzling. It may take some work to grapple with. It may be counterintuitive. It may contradict deeply held prejudices. It may not be consonant with what we desperately want to be true. But our preferences do not determine what's true.,251
2,,1326,Carl Sagan,"We wish to find the truth, no matter where it lies. But to find the truth we need imagination and skepticism both. We will not be afraid to speculate, but we will be careful to distinguish speculation from fact.",211
2,,1327,Carl Sagan,Extraordinary claims require extraordinary evidence.,52
2,x,1328,Carl Sagan,"At the heart of science is an essential balance between two seemingly contradictory attitudes--an openness to new ideas, no matter how bizarre or counterintuitive they may be, and the most ruthless skeptical scrutiny of all ideas, old and new. This is how deep truths are winnowed from deep nonsense.",300
2,,1329,Carl Sagan,The words 'question' and 'quest' are cognates. Only through inquiry can we discover truth.,90
2,,1330,Carl Sagan,For small creatures such as we the vastness is bearable only through love.,74
2,,1331,Carl Sagan,"Every one of us is, in the cosmic perspective, precious. If a human disagrees with you, let him live. In a hundred billion galaxies, you will not find another.",159
2,,1332,Carl Sagan,"In all our searching, the only thing we've found that makes the emptiness bearable is each other.",97
2,,1333,Carl Sagan,"In the vastness of space and the immensity of time, it is my joy to share a planet and an epoch with Annie.",107
4,x,1334,Carl Sagan,Perhaps the depth of love can be calibrated by the number of different selves that are actively involved in a given relationship.,129
2,,1335,Carl Sagan,"The beauty of a living thing is not the atoms that go into it, but the way those atoms are put together.",104
2,,1336,Carl Sagan,"The cosmos is full beyond measure of elegant truths, of exquisite interrelationships, of the awesome machinery of nature.",121
2,,1337,Carl Sagan,"In its encounter with Nature, science invariably elicits a sense of reverence and awe. The very act of understanding is a celebration of joining, merging, even if on a very modest scale, with the magnificence of the Cosmos.",223
2,,1338,Carl Sagan,The study of the galaxies reveals a universal order and beauty. It also shows us chaotic violence on a scale hitherto undreamed of.,131
3,x,1339,Carl Jung,We should not pretend to understand the world only by the intellect. The judgment of the intellect is only part of the truth.,125
3,x,1340,Carl Jung,"Mistakes are, after all, the foundations of truth, and if a man does not know what a thing is, it is at least an increase in knowledge if he knows what it is not.",162
4,x,1341,Carl Jung,"Knowledge rests not upon truth alone, but upon error also.",58
2,,1342,Carl Jung,The ability to ask questions is the greatest resource in learning the truth.,76
5,x,1343,Carl Jung,"We should know what our convictions are, and stand for them. Upon one's own philosophy, conscious or unconscious, depends one's ultimate interpretation of facts. Therefore it is wise to be as clear as possible about one's subjective principles. As the man is, so will be his ultimate truth.",290
5,x,1344,Carl Jung,The way to truth stands open only to those without intentions.,62
5,x,1345,Carl Jung,"Where love rules, there is no will to power; and where power predominates, there love is lacking. The one is the shadow of the other.",133
4,x,1346,Carl Jung,"The meeting of two personalities is like the contact of two chemical substances: if there is any reaction, both are transformed.",128
2,,1347,Carl Jung,The creative mind plays with the object it loves.,49
6,x,1348,Carl Jung,"I cannot love anyone if I hate myself. That is the reason why we feel so extremely uncomfortable in the presence of people who are noted for their special virtuousness, for they radiate an atmosphere of the torture they inflict on themselves. That is not a virtue but a vice.",275
3,x,1349,Carl Jung,Nothing is possible without love ... For love puts one in a mood to risk everything.,84
3,x,1350,Carl Jung,The kernel of all jealousy is lack of love.,43
5,x,1351,Carl Jung,"If people can be educated to see the lowly side of their own natures, it may be hoped that they will also learn to understand and to love their fellow men better.",162
8,x,1352,Carl Jung,"A particularly beautiful woman is a source of terror. As a rule, a beautiful woman is a terrible disappointment.",112
6,x,1353,Carl Jung,"But it seems to me to be an imperfection in things of beauty, and a weakness in man, if an explanation from the shallow-side has a destructive effect. The horror which we feel for Freudian interpretations is entirely due to our own barbaric or childish naivete, which believes that there can be heights without corresponding depths, and which blinds us to the really 'final' truth that, when carried to extremes, opposites meet.",428
2,,1354,Carl Jung,"Beauty does not indeed lie in things, but in the feeling that we give to them.",78
2,,1355,Viktor Frankl,"For the first time in my life I saw the truth as it is set into song by so many poets, proclaimed as the final wisdom by so many thinkers. The truth--that love is the ultimate and highest goal to which man can aspire.",217
4,x,1356,Viktor Frankl,"Freedom, however, is not the last word. Freedom is only part of the story and half of the truth.",96
3,x,1357,Viktor Frankl,No man should judge unless he asks himself in absolute honesty whether in a similar situation he might not have done the same.,126
4,x,1358,Viktor Frankl,An abnormal reaction to an abnormal situation is normal behavior.,65
2,,1359,Viktor Frankl,Love is the only way to grasp another human being in the innermost core of his personality. No one can become fully aware of the very essence of another human being unless he loves him.,185
2,,1360,Viktor Frankl,"Love goes very far beyond the physical person of the beloved. It finds its deepest meaning in his spiritual being, his inner self.",130
2,,1361,Viktor Frankl,The salvation of man is through love and in love.,49
2,,1362,Viktor Frankl,A life of short duration...could be so rich in joy and love that it could contain more meaning than a life lasting eighty years.,128
2,x,1363,Viktor Frankl,"If someone had seen our faces on the journey from Auschwitz to a Bavarian camp as we beheld the mountains of Salzburg with their summits glowing in the sunset, through the little barred windows of the prison carriage, he would never have believed that those were the faces of men who had given up all hope of life and liberty. Despite that factor--or maybe because of it--we were carried away by nature's beauty, which we had missed for so long.",445
2,x,1364,Viktor Frankl,"One evening, when we were already resting on the floor of our hut, dead tired, soup bowls in hand, a fellow prisoner rushed in and asked us to run out to the assembly grounds and see the wonderful sunset. Standing outside we saw sinister clouds glowing in the west and the whole sky alive with clouds of ever-changing shapes and colors, from steel blue to blood red. The desolate grey mud huts provided a sharp contrast, while the puddles on the muddy ground reflected the glowing sky. Then, after minutes of moving silence, one prisoner said to another, 'How beautiful the world could be...""",592
2,,1365,Viktor Frankl,"As the inner life of the prisoner tended to become more intense, he also experienced the beauty of art and nature as never before.",130
4,x,1366,Hannah Arendt,The trouble with lying and deceiving is that their efficiency depends entirely upon a clear notion of the truth that the liar and deceiver wishes to hide.,154
4,x,1367,Hannah Arendt,"The result of a consistent and total substitution of lies for factual truth is not that the lie will now be accepted as truth, and truth be defamed as lie, but that the sense by which we take our bearings in the real world... is being destroyed.",245
4,x,1368,Hannah Arendt,"The ideal subject of totalitarian rule is not the convinced Nazi or the convinced Communist, but people for whom the distinction between fact and fiction... and the distinction between true and false... no longer exist.",219
5,x,1369,Hannah Arendt,To expect truth to come from thinking signifies that we mistake the need to think with the urge to know.,104
4,x,1370,Hannah Arendt,"Factual truth is always related to other people: it concerns events and circumstances in which many are involved; it is established by witnesses and depends upon testimony; it exists only to the extent that it is spoken about, even if it occurs in the domain of privacy. It is political by nature.",297
6,x,1371,Hannah Arendt,"Love, by its very nature, is unworldly, and it is for this reason rather than its rarity that it is not only apolitical but antipolitical, perhaps the most powerful of all antipolitical forces.",193
4,x,1372,Hannah Arendt,"The common prejudice that love is as common as 'romance' may be due to the fact that we all learned about it first through poetry. But the poets fool us; they are the only ones to whom love is not only a crucial, but an indispensable experience, which entitles them to mistake it for a universal one.",300
6,x,1373,Hannah Arendt,"Love, in distinction from friendship, is killed, or rather extinguished, the moment it is displayed in public.",110
5,x,1374,Hannah Arendt,"Poets are the only people to whom love is not only a crucial, but an indispensable experience, which entitles them to mistake it for a universal one.",149
6,x,1375,Hannah Arendt,By its very nature the beautiful is isolated from everything else. From beauty no road leads to reality.,104
5,x,1376,Hannah Arendt,"The monstrous sameness and pervasive ugliness so highly characteristic of the findings of modern psychology, and contrasting so obviously with the enormous variety and richness of overt human conduct, witness to the radical difference between the inside and the outside of the human body.",288
3,x,1377,Jean-Paul Sartre,"Like all dreamers, I mistook disenchantment for truth.",54
3,x,1378,Jean-Paul Sartre,I would like to see the truth clearly before it is too late.,60
3,x,1379,Jean-Paul Sartre,Words are more treacherous and powerful than we think.,54
4,x,1380,Jean-Paul Sartre,I am beginning to believe that nothing can ever be proved.,58
4,x,1381,Jean-Paul Sartre,The worst part about being lied to is knowing you weren't worth the truth.,74
4,x,1382,Jean-Paul Sartre,"In love, one and one are one.",29
5,x,1383,Jean-Paul Sartre,We do not judge the people we love.,35
3,x,1384,Jean-Paul Sartre,"To love is never just to love since it is also to will to love, and ... to love in spite of oneself, to allow oneself to be overcome by one's love.",147
2,,1385,Jean-Paul Sartre,There is no love apart from the deeds of love; no potentiality of love other than that which is manifested in loving.,117
4,x,1386,Jean-Paul Sartre,Love is the desire to integrate with another person.,52
6,x,1387,Jean-Paul Sartre,The real is never beautiful. Beauty is a value which applies only to the imaginary and which entails the negation of the world in its essential structure.,154
3,x,1388,Jean-Paul Sartre,"Beauty is not the object of art but its flesh and blood, its being.",67
6,x,1389,Jean-Paul Sartre,From these few observations we can already conclude that the real is never beautiful. Beauty is a value applicable only to the imaginary and which means the negation of the world in its essential structure.,206
3,x,1390,Jean-Paul Sartre,"Thus, Beauty is neither an appearance nor a being, but a relationship: the transformation of being into appearance.",115
4,x,1391,Albert Camus,"Man is always prey to his truths. Once he has admitted them, he cannot free himself from them.",94
2,,1392,Albert Camus,Fiction is the lie through which we tell the truth.,51
3,x,1393,Albert Camus,The absurd is the essential concept and the first truth.,56
5,x,1394,Albert Camus,There are truths but no truth.,30
2,,1395,Albert Camus,Seeking what is true is not seeking what is desirable.,54
2,,1396,Albert Camus,"I know of only one duty, and that is to love.",45
4,x,1397,Albert Camus,"We always deceive ourselves twice about the people we love--first to their advantage, then to their disadvantage.",113
3,x,1398,Albert Camus,Love is the kind of illness that does not spare the intelligent or the dull.,76
2,,1399,Albert Camus,For there is merely bad luck in not being loved; there is misfortune in not loving.,83
4,x,1400,Albert Camus,"The act of love... is a confession. Selfishness screams aloud, vanity shows off, or else true generosity reveals itself.",120
7,x,1401,Albert Camus,"People don't love each other at our age, Marthe--they please each other, that's all. Later on, when you're old and impotent, you can love someone. At our age, you just think you do. That's all it is.",199
5,x,1402,Albert Camus,"Man is an idea, and a precious small idea once he turns his back on love.",73
5,x,1403,Albert Camus,To abandon oneself to principles is really to die--and to die for an impossible love which is the contrary of love.,115
2,,1404,Albert Camus,"My chief occupation, despite appearances, has always been love.",63
4,x,1405,Albert Camus,"That is love, to give away everything, to sacrifice everything, without the slightest desire to get anything in return.",119
3,x,1406,Albert Camus,"Beauty is unbearable, drives us to despair, offering us for a minute the glimpse of an eternity that we should like to stretch out over the whole of time.",154
2,,1407,Albert Camus,"Man cannot do without beauty, and this is what our era pretends to want to disregard.",85
6,x,1408,Albert Camus,At the heart of all beauty lies something inhuman.,50
4,x,1409,Albert Camus,There is something divine in mindless beauty.,45
3,x,1410,Albert Camus,"Beauty, no doubt, does not make revolutions. But a day will come when revolutions will have need of beauty.",107
5,x,1411,Søren Kierkegaard,"The truth is a snare: you cannot have it, without being caught. You cannot have the truth in such a way that you catch it, but only in such a way that it catches you.",166
6,x,1412,Søren Kierkegaard,"The crucial thing is to find a truth which is truth for me, to find the idea for which I am willing to live and die.",116
6,x,1413,Søren Kierkegaard,"Subjectivity is truth, and truth is subjectivity.",49
3,x,1414,Søren Kierkegaard,"It is not the truth that needs people, but people who need the truth.",69
6,x,1415,Søren Kierkegaard,"The truth must essentially be regarded as in conflict with this world; the world has never been so good, and will never become so good that the majority will desire the truth.",175
2,,1416,Søren Kierkegaard,"To cheat oneself out of love is the most terrible deception; it is an eternal loss for which there is no reparation, either in time or in eternity.",147
3,x,1417,Søren Kierkegaard,"Love is all, it gives all, and it takes all.",44
5,x,1418,Søren Kierkegaard,"Love is the expression of the one who loves, not of the one who is loved. Those who think they can love only the people they prefer do not love at all. Love discovers truths about individuals that others cannot see.",215
2,,1419,Søren Kierkegaard,Don't forget to love yourself.,30
3,x,1420,Søren Kierkegaard,"When one has once fully entered the realm of love, the world--no matter how imperfect--becomes rich and beautiful; it consists solely of opportunities for love.",160
4,x,1421,Søren Kierkegaard,"With respect to love we speak continually about perfection and the perfect person. With respect to love Christianity also speaks continually about perfection and the perfect person. Alas, but we men talk about finding the perfect person in order to love him. Christianity speaks about being the perfect person who limitlessly loves the person he sees.",351
2,,1422,Søren Kierkegaard,"Love does not alter the beloved, it alters itself.",50
6,x,1423,Søren Kierkegaard,To love another person is to help them love God.,48
2,,1424,Søren Kierkegaard,"The highest and most beautiful things in life are not to be heard about, nor read about, nor seen but, if one will, are to be lived.",132
2,,1425,Søren Kierkegaard,"No time of life is so beautiful as the early days of love, when with every meeting, every glance, one fetches something new home to rejoice over.",145
4,x,1426,Søren Kierkegaard,"Adversity draws men together and produces beauty and harmony in life's relationships, just as the cold of winter produces ice-flowers on the window-panes, which vanish with the warmth.",184
4,x,1427,Ursula K. Le Guin,Truth is a matter of the imagination.,37
3,x,1428,Ursula K. Le Guin,"All knowledge is local, all truth is partial. No truth can make another truth untrue. All knowledge is part of the whole knowledge. Once you have seen the larger pattern, you cannot go back to seeing the part as the whole.",222
6,x,1429,Ursula K. Le Guin,"I talk about the gods; I am an atheist. But I am an artist too, and therefore a liar. Distrust everything I say. I am telling the truth.",136
4,x,1430,Ursula K. Le Guin,"For fantasy is true, of course. It isn't factual, but it is true. Children know that. Adults know it too, and that is precisely why many of them are afraid of fantasy.",167
2,,1431,Ursula K. Le Guin,"One voice speaking truth is a greater force than fleets and armies, given time; plenty of time.",95
2,,1432,Ursula K. Le Guin,"Love doesn't just sit there, like a stone; it has to be made, like bread; remade all the time, made new.",104
4,x,1433,Ursula K. Le Guin,"A profound love between two people involves, after all, the power and chance of doing profound hurt.",100
2,,1434,Ursula K. Le Guin,The bond between true lovers is as close as we come to what endures forever.,76
5,x,1435,Ursula K. Le Guin,Love you will find only where you may show yourself weak without provoking strength.,84
2,,1436,Ursula K. Le Guin,"And in poetry, beauty is no ornament; it is the meaning. It is the truth.",73
2,x,1437,Ursula K. Le Guin,"You are beautiful,"" Tenar said in a different tone. ""Listen to me, Therru. Come here. You have scars, ugly scars, because an ugly, evil thing was done to you. People see the scars. But they see you, too, and you aren't the scars. You aren't ugly. You aren't evil. You are Therru, and beautiful. You are Therru who can work, and walk, and run, and dance, beautifully, in a red dress.",382
2,,1438,Ursula K. Le Guin,"The Earth is beautiful, and bright, and kindly, but that is not all. The Earth is also terrible, and dark, and cruel.",117
2,,1439,Ursula K. Le Guin,"There are a whole lot of ways to be perfect, and not one of them is attained through punishment.",96
2,,1440,Ursula K. Le Guin,"That must be why the tired, aged faces in Rembrandt's portraits give us such delight: they show us beauty not skin-deep but life-deep.",134
3,x,1441,Gloria Anzaldúa,A misinformed people is a subjugated people.,44
2,,1442,Gloria Anzaldúa,"Write with your eyes like painters, with your ears like musicians, with your feet like dancers. You are the truthsayer with quill and torch. Write with your tongues of fire.",173
2,,1443,Gloria Anzaldúa,Nothing happens in the 'real' world unless it first happens in the images in our heads.,87
2,,1444,Gloria Anzaldúa,"I write to record what others erase when I speak, to rewrite the stories others have miswritten about me, about you.",116
2,,1445,Gloria Anzaldúa,"Like all people, we perceive the version of reality that our culture communicates.",82
4,x,1446,Gloria Anzaldúa,"Compañera, ¿Volverán esas tardes sordas cuando nos amábamos?",63
2,,1447,Gloria Anzaldúa,I meet you with my heart in my hand.,36
9,x,1448,Gloria Anzaldúa,Cannibalism is blessed.,23
2,,1449,Gloria Anzaldúa,Two pescadoras nadando en las mares buscando esa perla.,55
3,x,1450,Gloria Anzaldúa,She who had never eaten began to hunger.,40
5,x,1451,Gloria Anzaldúa,"I want the freedom to carve and chisel my own face, to staunch the bleeding with ashes, to fashion my own gods out of my entrails.",130
5,x,1452,Gloria Anzaldúa,"I am visible--see this Indian face--yet I am invisible. I both blind them with my beak nose and am their blind spot. But I exist, we exist. They'd like to think I have melted in the pot. But I haven't, we haven't.",213
5,x,1453,Gloria Anzaldúa,"There is something compelling about being both male and female, about having an entry into both worlds... But I, like other queer people, am two in one body, both male and female. I am the embodiment of the hieros gamos: the coming together of opposite qualities within.",270
5,x,1454,Gloria Anzaldúa,These my two hands / quick to slap my face / before others could slap it.,73
2,,1455,Chimamanda Ngozi Adichie,"Above all else do not lie or don't lie too often, which is really to say tell the truth.",88
3,x,1456,Chimamanda Ngozi Adichie,"Sometimes, especially in politicized spaces, telling the truth will be an act of courage. Be courageous.",104
3,x,1457,Chimamanda Ngozi Adichie,"I'm not asking you to tell the truth because it will always work out, but because you will sleep well at night.",111
5,x,1458,Chimamanda Ngozi Adichie,To be a child of the Third World is to be aware of the many different constituencies you have and how honesty and truth must always depend on context.,150
2,,1459,Chimamanda Ngozi Adichie,"The novels I love, the ones I remember, the ones I re-read, have an empathetic human quality, or 'emotional truth.'",115
2,,1460,Chimamanda Ngozi Adichie,"Is love this misguided need to have you beside me most of the time? Is love this safety I feel in our silences? Is it this belonging, this completeness?",152
2,,1461,Chimamanda Ngozi Adichie,Lasting love has to be built on mutual regard and respect. It is about seeing the other person.,95
2,,1462,Chimamanda Ngozi Adichie,Love is the most important. The most necessary human emotion. Not just romantic love. Love. The ability of human beings to connect.,131
6,x,1463,Chimamanda Ngozi Adichie,I don't want to be a sweetheart. I want to be the fucking love of your life.,76
6,x,1464,Chimamanda Ngozi Adichie,And it's wrong of you to think that love leaves room for nothing else. It's possible to love something and still condescend to it.,130
5,x,1465,Chimamanda Ngozi Adichie,Let her know that there are many individuals and many cultures that do not find the narrow mainstream definition of beauty attractive.,134
3,x,1466,Chimamanda Ngozi Adichie,Be deliberate also about showing her the enduring beauty and resilience of Africans and of black people.,104
6,x,1467,Chimamanda Ngozi Adichie,Look at you. You're the kindest person I know. Look how beautiful you are. Why do you need so much outside of yourself? Why isn't what you are enough?,150
5,x,1468,Chimamanda Ngozi Adichie,"My greatest vanity is my skin. It is the colour of gingerbread and, thanks to my mother's genes, smooth and mostly blemish-free.",128
6,x,1469,Chimamanda Ngozi Adichie,"I am a bit of a fundamentalist when it comes to black women's hair. Hair is hair--yet also about larger questions: self-acceptance, insecurity and what the world tells you is beautiful.",185
6,x,1470,Wole Soyinka,"Power is domination, control, and therefore a very selective form of truth which is a lie.",90
2,,1471,Wole Soyinka,Books and all forms of writing are terror to those who wish to suppress the truth.,82
4,x,1472,Wole Soyinka,"Well, the first thing is that truth and power for me form an antithesis, an antagonism, which will hardly ever be resolved.",123
2,,1473,Wole Soyinka,The greatest threat to freedom is the absence of criticism.,59
2,,1474,Wole Soyinka,The man dies in all who keep silent in the face of tyranny.,59
2,,1475,Wole Soyinka,Romance is the sweetening of the soul with fragrance offered by the stricken heart.,83
2,,1476,Wole Soyinka,"I want to wed because I love, I seek a life-companion.",54
4,x,1477,Wole Soyinka,"Sidi, I seek a friend in need. An equal partner in my race of life.",67
2,,1478,Wole Soyinka,"I love beauty. But I like the beauty accidentally, not dished up, served up on a platter.",89
2,,1479,Wole Soyinka,"Art is solace; art is vision, and when I pick up a literary work, I am a consumer of literature for its own sake.",113
4,x,1480,Ama Ata Aidoo,"For us Africans, literature must serve a purpose: to expose, embarrass, and fight corruption and authoritarianism. It is understandable why the African artist is utilitarian.",174
3,x,1481,Ama Ata Aidoo,There are powerful forces undermining progress in Africa. But one must never underestimate the power of the people to bring about change.,137
2,,1482,Ama Ata Aidoo,The best way to sharpen a knife is not to whet one side of it only. And neither can you solve a riddle by considering only one end of it.,137
5,x,1483,Ama Ata Aidoo,We are victims of our history and our present. They place too many obstacles in the way of love. And we cannot enjoy even our differences in peace.,147
4,x,1484,Ama Ata Aidoo,"Negativism is malign, like cancer. It chokes all life within its reach as it grows.",83
6,x,1485,Ama Ata Aidoo,"Love? Love? Love is not safe, my lady silk, love is dangerous. It is deceitfully sweet like wine from a fresh palm tree at dawn. Love is fine for singing about and love songs are good to listen to, sometimes even to dance to. But when we need to count on human strength, and when we have to count pennies for food for our stomachs and clothes for our backs, love is nothing. Ah my lady, the last man any woman should think of marrying is the man she loves.",456
8,x,1486,Ama Ata Aidoo,"My lady Silk, remember that a man always gains in stature any way he chooses to associate with a woman - including adultery... but in her association with a man, a woman is always in danger of being diminished.",210
4,x,1487,Ama Ata Aidoo,"And yet, I have not wronged you, have I? Indeed if there is anyone I may have sinned against, it is me. That desiring you as I do, needing you as I do, I still let you go.",171
3,x,1488,Ama Ata Aidoo,"Guilt is born in the same hour with pleasure, like anything in this universe and its enemy.",91
4,x,1489,Ama Ata Aidoo,"Sissie could see it all. In her uncertain eyes, on her restless hands and on her lips, which she kept biting all the time. But oh, her skin. It seemed as if according to the motion of her emotions Marija's skin kept switching on and switching off like a two-colour neon sign.",275
4,x,1490,Ama Ata Aidoo,Because it means that we have no confidence in ourselves.,57
6,x,1491,Ama Ata Aidoo,"She comes to grips with, in this case, the singular issue of our hair texture--woolly haired, kinky, our hair. Now when you wear a wig... She means straight hair. So what she had come to realize--a kind of epiphany--when she says the 'brothers' were right she is stating her realization that we (educated?) Africans do not like ourselves as we are.",348
7,x,1492,Ama Ata Aidoo,We always thought our beautiful black skin was the Problem.,59
3,x,1493,Ben Okri,I wouldn't say that truth is only that which can be proven. I think that which can be proven is that which can be proven; truth is something else.,146
3,x,1494,Ben Okri,"The worst realities of our age are manufactured realities. It is therefore our task, as creative participants in the universe, to re-dream our world.",149
4,x,1495,Ben Okri,When you stop inventing reality then you see things as they really are.,71
4,x,1496,Ben Okri,The law is simple. Every experience is repeated or suffered till you experience it properly and fully the first time.,117
4,x,1497,Ben Okri,"She understood that the truth of things was upside down. She grasped that those who thought they knew were ignorant, that those who thought they had power were powerless, and that those who thought they knew themselves were in great darkness.",242
2,,1498,Ben Okri,"I mean we desperately wanted to be in love with something or other. We were lonely people. It seemed more sensible to fall in love with another person who also wanted to fall in love, than to love a chair or a cat or an idea.",225
4,x,1499,Ben Okri,"There is a kind of expressed love which is easy to subvert. When a figure is loved for their deeds, their conquests, their heroism, their goodness, their love of the people, these are easy enough to destroy... But there is a kind of love which is felt for apparently no reason... A love, inspired, it seems, by the gods, which it is impossible to fight, distort, destroy, or weaken. In fact, the attempts to destroy such loves only strengthen them. And to do nothing allows them to continue to grow at their natural pace, inexorably, till this love becomes a wide and silent adoration.",585
5,x,1500,Ben Okri,"Because you rejected my love, this is my curse on you. Refusing to love an illusion, you will have to love without illusion.",124
2,,1501,Ben Okri,"If we could be pure dancers in spirit we would never be afraid to love, and we would love with strength and wisdom.",115
2,,1502,Ben Okri,"The most authentic thing about us is our capacity to create, to overcome, to endure, to transform, to love and to be greater than our suffering.",144
2,,1503,Ben Okri,"Don't despair too much if you see beautiful things destroyed, if you see them perish. Because the best things are always growing in secret.",139
2,,1504,Ben Okri,"I am not fighting for success, just to get more beauty out of myself and share it with more people.",99
2,,1505,Ben Okri,"Our time here is magic! It's the only space you have to realize whatever it is that is beautiful, whatever is true, whatever is great, whatever is potential, whatever is rare, whatever is unique, in. It's the only space.",220
2,x,1506,Ben Okri,"One human life is deeper than the ocean. Strange fishes and sea-monsters and mighty plants live in the rock-bed of our spirits. The whole of human history is an undiscovered continent deep in our souls. There are dolphins, plants that dream, magic birds inside us. The sky is inside us. The earth is in us.",306
4,x,1507,Mariama Bâ,Truth is ugly when one analyses it.,35
2,,1508,Mariama Bâ,The truth can be a harsh and cruel reality.,43
5,x,1509,Mariama Bâ,"Driven to the limits of my resistance, I satisfy myself with what is within reach. It's a terrible thing to say. Truth is ugly when one analyses it.",148
2,,1510,Mariama Bâ,"Friendship has splendors that love knows not. It grows stronger when crossed, whereas obstacles kill love. Friendship resists time, which wearies and severs couples. It has heights unknown to love.",197
2,,1511,Mariama Bâ,The flavour of life is love. The salt of life is also love.,59
7,x,1512,Mariama Bâ,"I remain persuaded of the inevitable and necessary complementarity of man and woman. Love, imperfect as it may be in its content and expression, remains the natural link between these two beings.",195
8,x,1513,Mariama Bâ,"A woman must marry the man who loves her, but never the one she loves; that is the secret of lasting happiness.",111
6,x,1514,Mariama Bâ,"You forget that I have a heart, a mind, that I am not an object to be passed from hand to hand. You don't know what marriage means to me: it is an act of faith and love, the total surrender of oneself to the person one has chosen and who has chosen you.",253
2,,1515,Mariama Bâ,The most humble of huts is pleasing when it is clean; the most luxurious setting offers no attraction if it is covered in dust.,127
2,,1516,Mariama Bâ,"Lady, death is just as beautiful as life has been.",50
8,x,1517,Mariama Bâ,"On the strictly physical plane, the white woman's advantage over the black woman lies in the variety of her colour, the abundance, length and softness of her hair. There are also the eyes which can be blue, green, often the colour of new honey.",244
2,,1518,Mariama Bâ,I thank God for my eyes which daily embrace heaven and earth.,61
2,,1519,Nawal El Saadawi,To have arrived at the truth means that one no longer fears death. For death and truth are similar in that they both require a great courage if one wishes to face them.,168
3,x,1520,Nawal El Saadawi,Nothing is more perilous than truth in a world that lies.,57
6,x,1521,Nawal El Saadawi,"They said, 'You are a savage and dangerous woman.' I am speaking the truth. And the truth is savage and dangerous.",114
2,,1522,Nawal El Saadawi,"To me, 'beauty' means to be natural, creative, honest--to say the truth.",72
3,x,1523,Nawal El Saadawi,"Truth is relative, and there is always something missing in truth that prevents it from being perfect.",102
2,,1524,Nawal El Saadawi,Love has made me a different person. It has made the world beautiful.,69
5,x,1525,Nawal El Saadawi,"But in love I gave all: my capabilities, my efforts, my feelings, my deepest emotions. Like a saint, I gave everything I had without ever counting the cost.",156
4,x,1526,Nawal El Saadawi,"But I feel that you, in particular, are a person who cannot live without love."" ""Yet I am living without love."" ""Then you are either living a lie or not living at all.",167
6,x,1527,Nawal El Saadawi,"You poor, deluded woman...do you believe there is any such thing as love?...You're living an illusion. Do you believe the words of love they whisper in the ears of penniless women like us?",188
7,x,1528,Nawal El Saadawi,When you are intelligent and beautiful you face a lot of problems. If you are beautiful and stupid then it's easy.,114
4,x,1529,Nawal El Saadawi,I am very much against makeup and high heels and all that we inherit as 'beauty.',81
6,x,1530,Nawal El Saadawi,Plastic surgery is a postmodern veil.,37
2,,1531,Nawal El Saadawi,"Whenever I go to New York or any European country, they say: 'Nawal, why don't you get a facelift?' I tell them, 'I am proud of my wrinkles. Every wrinkle on my face tells the story of my life. Why should I hide my age?'",220
5,x,1532,Fatema Mernissi,"Islam was, at least during its first centuries, the religion of reasoning, responsible individuals capable of telling what was true from what was false as long as they were well equipped to do so, as long as they possessed the tools of knowledge013specifically, the collections of Hadith.",289
2,,1533,Fatema Mernissi,The greatest enemies of knowledge are not ignorance but false knowledge and self-righteousness.,95
2,,1534,Fatema Mernissi,The bulwark against oppression is knowledge.,44
2,,1535,Fatema Mernissi,The pursuit of knowledge is the highest form of liberation.,59
5,x,1536,Fatema Mernissi,Love opens horizons and destabilizes certainties. A man in love invents himself as something other than what he was. A woman in love discovers the multiple selves that one desires in her. Freedom in love is conceived of as surmounting and going beyond the limits of the self.,275
3,x,1537,Fatema Mernissi,"To fall in love is to experiment with the different, to open oneself up to the risky pleasures of unfamiliar sensations and emotions, in a place where fear and the desire for discovery are fatally connected.",207
2,,1538,Fatema Mernissi,Love pushes you to go beyond your usual routine and into directions you might not otherwise have taken.,103
4,x,1539,Fatema Mernissi,"I dream about a world where it would be possible to take the risks that love demands, without having to pay the price that patriarchy imposes on women.",151
2,,1540,Fatema Mernissi,"Many of the sixty words describe love as a compelling voyage, a step into the unknown, an adventure in alien territories.",121
6,x,1541,Fatema Mernissi,"There are many ways to be beautiful. Fighting, swearing, and ignoring tradition could make a woman irresistible.",112
7,x,1542,Fatema Mernissi,"By putting the spotlight on the female child and framing her as the ideal of beauty, he condemns the mature woman to invisibility. In fact, the modern Western man enforces Immanuel Kant's nineteenth-century theories: To be beautiful, women have to appear childish and brainless. When a woman looks mature and self-assertive, or allows her hips to expand, she is condemned ugly. Thus, the walls of the European harem separate youthful beauty from ugly maturity.",460
8,x,1543,Fatema Mernissi,Being frozen into the passive position of an object whose very existence depends on the eye of its beholder turn the educated modern Western women into a harem slave.,166
7,x,1544,Fatema Mernissi,"Beauty is in the skin! Take care of it, oil it, clean it, scrub it, perfume it, and put on your best clothes, even if there is no special occasion, and you'll feel like a queen. If society is hard on you, fight back by pampering your skin. Skin is political. Otherwise why would the imams order us to hide it?",309
7,x,1545,Fatema Mernissi,"The Western man declares that in order to be beautiful, a woman must look 14 years old. If she dares to look 50, or worse, 60, she is beyond the pale. By putting the spotlight on the female child and framing her as the ideal of beauty, he condemns the mature woman to invisibility.",281
2,,1546,Ngũgĩ wa Thiong'o,Truth never dies.,17
3,x,1547,Ngũgĩ wa Thiong'o,The truth does not always set one free; sometimes it can enslave.,65
7,x,1548,Ngũgĩ wa Thiong'o,"As long as he did not know the truth, he could interpret the story in the only way that gave him hope: the coming of black rule would not mean, could never mean the end of white power.",184
5,x,1549,Ngũgĩ wa Thiong'o,To live and die alone is the ultimate truth.,44
2,,1550,Ngũgĩ wa Thiong'o,"Look for me in love. Look for me in unity. Look for me among the helping. Look for me among the oppressed. Look for me among the seekers of justice, those who give food to the hungry, water to the thirsty.",205
2,,1551,Ngũgĩ wa Thiong'o,"Anyway, I must have gone mad. I suppose there is nothing so painful as finding that a friend, or a man you always trusted, has betrayed you.",140
8,x,1552,Ngũgĩ wa Thiong'o,I believe that black has been oppressed by white; female by male; peasant by landlord; and worker by lord of capital. It follows from this that the black female worker and peasant is the most oppressed.,202
4,x,1553,Ngũgĩ wa Thiong'o,"If poverty was to be sold three cents today, I can't buy it.",60
2,,1554,Ngũgĩ wa Thiong'o,The beauty in reality was more than any they had seen in their dreams.,70
2,,1555,Ngũgĩ wa Thiong'o,All languages are treasuries of beauty and possibility.,55
2,,1556,Ngũgĩ wa Thiong'o,"Life, struggle, even amidst pain and blood and poverty, seemed beautiful.",73
2,,1557,Ngũgĩ wa Thiong'o,Written words can also sing.,28
6,x,1558,Warsan Shire,Give your daughters difficult names. Give your daughters names that command the full use of the tongue. My name makes you want to tell me the truth. My name doesn't allow me to trust anyone that cannot pronounce it right.,221
2,,1559,Warsan Shire,"Don't assume, ask. Be kind. Tell the truth. Don't say anything you can't stand behind fully. Have integrity. Tell people how you feel.",134
4,x,1560,Warsan Shire,"I know a few things to be true. I do not know where I am going, where I have come from is disappearing, I am unwelcome and my beauty is not beauty here. My body is burning with the shame of not belonging, my body is longing.",224
3,x,1561,Warsan Shire,"You are terrifying and strange and beautiful, someone not everyone knows how to love.",85
4,x,1562,Warsan Shire,"Perhaps the problem is not the intensity of your love, but the quality of the people you are loving.",100
4,x,1563,Warsan Shire,"When I love, I love: wholly, thoroughly, completely, drowning in everything. Every glance can be a conversation, eyes just playing and saying what needs to be said. Silence is loud, and the air becomes heavy. I want you. I want all of you.",239
5,x,1564,Warsan Shire,Loving you was like going to war; I never came back the same.,61
5,x,1565,Warsan Shire,You can't make homes out of human beings.,41
2,,1566,Warsan Shire,It's not my responsibility to be beautiful. I'm not alive for that purpose. My existence is not about how desirable you find me.,128
3,x,1567,Warsan Shire,"You are terrifying, and strange, and beautiful. Something not everyone knows how to love.",89
6,x,1568,Warsan Shire,"Why do you live in your body like you will be given another? As if it were temporary. You starve it, you let anyone touch it, you berate it. Tell it that it should be completely different. You tug at your soft flesh, wish it thinner, wish it gone. You fall in love with those who praise the way it sighs under their hands, but who praises the way it holds up your weight, even when you are falling apart?",404
2,,1569,Warsan Shire,"Make peace with your body, it's not manmade, there are no flaws, there are no mistakes.",87
4,x,1570,Mahmoud Darwish,Truth has two faces and the snow is black over our city.,56
7,x,1571,Mahmoud Darwish,"Truth is white, write over it.",30
6,x,1572,Mahmoud Darwish,"Truth is black, write over it with a mirage's light.",52
6,x,1573,Mahmoud Darwish,"In oratory, truthfulness is a slip of the tongue.",49
2,,1574,Mahmoud Darwish,I want from love only the beginning.,36
2,,1575,Mahmoud Darwish,"All roads lead to you, even those I took to forget you.",55
2,,1576,Mahmoud Darwish,"And you became like coffee, in the deliciousness, the bitterness, and the addiction.",84
6,x,1577,Mahmoud Darwish,Love! We have no aim but defeat in your wars.,45
3,x,1578,Mahmoud Darwish,"There is no name for what life should be, except what you did and what you do to my soul.",89
4,x,1579,Mahmoud Darwish,She says: 'When are we going to meet?' I say: 'After the war is over.',70
2,,1580,Mahmoud Darwish,The image of love reveals itself there; in a profoundly present absence.,72
2,,1581,Mahmoud Darwish,There is no such thing as too much love; it is what makes the whole world go round.,83
4,x,1582,Mahmoud Darwish,I am the voice of the voiceless.,32
2,,1583,Mahmoud Darwish,We have on this earth what makes life worth living.,51
2,,1584,Mahmoud Darwish,"And if a thousand others love you, they will only love you a drop compared to my ocean of love for you.",103
4,x,1585,Mahmoud Darwish,"I was compelled to love you, not because you are the fairest, but because you are the deepest. A lover of beauty is usually a fool.",131
2,,1586,Mahmoud Darwish,Maybe the moon is beautiful only because it is far.,51
2,,1587,Mahmoud Darwish,Poetry and beauty are always making peace. When you read something beautiful you find coexistence; it breaks walls down.,120
6,x,1588,Mahmoud Darwish,What doesn't resemble me is more beautiful.,43
8,x,1589,Mahmoud Darwish,I love women whose hidden desires make horses put an end to their lives at the threshold.,89
2,,1590,Yehuda Amichai,There are two languages: one as things seem to us and the other of knowledge.,77
5,x,1591,Yehuda Amichai,"The fool is the one who insists on his truth to the exclusion of others. And after all, truth, beauty, the very meaning of words ll these are relative values.",158
4,x,1592,Yehuda Amichai,"Words inflate like money: the more they're printed, the more value they lose.",77
2,,1593,Yehuda Amichai,"Love is not the last room: there are others after it, the whole length of the corridor that has no end.",103
2,,1594,Yehuda Amichai,"And as we stray further from love, we multiply the words. Had we remained together we could have become a silence.",114
3,x,1595,Yehuda Amichai,"Love is like a reservoir of kindness and pleasure, like silos and pools during a siege.",87
2,,1596,Yehuda Amichai,"Yes, all of this is sorrow. But leave a little love burning always like the small bulb in the room of a sleeping baby that gives him a bit of security and quiet love though he doesnt know what the light is or where it comes from.",230
2,,1597,Yehuda Amichai,"Look, just as time isn't inside clocks love isn't inside bodies: bodies only tell the love.",91
3,x,1598,Yehuda Amichai,The beauty of an iceberg is under-water; it is not in its mind-set.,67
5,x,1599,Yehuda Amichai,"Lovely is the world rising early to evil, / Lovely is the world falling asleep to sin and pity, / In the mingling of ourselves, you and I, / Lovely is the world.",161
2,,1600,Yehuda Amichai,"Behind all this, some great happiness is hiding.",48
4,x,1601,Yehuda Amichai,From the place where we are right / Flowers will never grow / In the spring.,76
2,,1602,Yehuda Amichai,"But the world is beautifully made for doing good and for resting, like a park bench.",84
3,x,1603,Forugh Farrokhzad,"Everyone knows. Everyone knows that you and I, In the prairies and the plains-- reached to the glittering roots-- of Truth.",123
2,,1604,Forugh Farrokhzad,"Perhaps the truth was those two young hands, those young hands buried beneath snow--",84
5,x,1605,Forugh Farrokhzad,"Sound, sound, only sound remains. In a world of runts, measurements orbit around zero. Why must I stop?",103
2,,1606,Forugh Farrokhzad,I am that candle which illumines a ruin with the burning of her heart.,70
4,x,1607,Forugh Farrokhzad,"I discovered I must must must love, insanely.",45
5,x,1608,Forugh Farrokhzad,"My nights are painted bright with your dream, sweet love, and heavy with your fragrance is my breast.",101
5,x,1609,Forugh Farrokhzad,You are the heartbeat of my burning body; a fire blazing in the shade of my eyelashes.,86
2,,1610,Forugh Farrokhzad,"You are more bountiful than the wheat fields, more fruit-laden than the golden boughs.",86
2,,1611,Forugh Farrokhzad,"You are my breath of life, sweet love, you have brought me back to life from the grave.",87
2,,1612,Forugh Farrokhzad,"You are hidden under my skin, flowing through my every cell.",60
4,x,1613,Forugh Farrokhzad,"Ever since love was awakened in my heart, I have become total devotion with desire.",83
4,x,1614,Forugh Farrokhzad,"I am so filled with you I want to run through meadows, bash my head against mountain rocks, give myself to ocean waves.",119
6,x,1615,Forugh Farrokhzad,"I am so filled with you I want to crumble into myself like a speck of dust, to gently lay my head at your feet, cling fast to your weightless shadow.",149
2,,1616,Forugh Farrokhzad,"Beautiful is the silence of ruins, as if she herself lived among the ruins.",75
2,,1617,Forugh Farrokhzad,"I know a sad little fairy who lives in the sea and plays the wooden flute of her heart tenderly, tenderly...",108
2,,1618,Forugh Farrokhzad,"I plant my hands in the garden soil-- I will sprout, I know, I know, I know.",76
2,,1619,Forugh Farrokhzad,"I do not speak of anxious murmurs in the dark-- I speak of daylight, of open windows, fresh air, and a stove in which burn useless things; of an earth pregnant with new seedlings, of birth, maturation, and pride.",212
2,,1620,Forugh Farrokhzad,One window is enough for me.,28
2,,1621,Saadi Shirazi,"If thou art wise, incline to truth; for truth, not the semblance, remains in its place.",87
2,,1622,Saadi Shirazi,"To tell a falsehood is like the cut of a saber: for though the wound may heal, the scar of it will remain.",106
7,x,1623,Saadi Shirazi,A peace-mingling falsehood is preferable to a mischief-stirring truth.,70
2,,1624,Saadi Shirazi,"One habitually speaking the truth is pardoned when he once makes a slip. But if he becomes noted for lying, people do not believe him even when speaking truth.",159
7,x,1625,Saadi Shirazi,A falsehood resulting in conciliation is better than a truth producing trouble.,79
2,,1626,Saadi Shirazi,"The rose and the thorn, and sorrow and gladness are linked together.",68
3,x,1627,Saadi Shirazi,"In Love there are no days or nights, For lovers it is all the same. The musicians have gone, yet the Sufis listen; In Love there is a beginning but no end. Each has a name for his Beloved, But for me my Beloved is nameless. Sa'di, if you destroy an idol, Then destroy the idol of the self.",289
2,,1628,Saadi Shirazi,The path of love is not a tedious path.,39
2,,1629,Saadi Shirazi,"A good deed is never lost; he who sows courtesy reaps friendship, and he who plants kindness gathers love.",106
6,x,1630,Saadi Shirazi,Lovers are killed by those they love so well; No voices from the slain return.,78
2,,1631,Saadi Shirazi,Whatever makes an impression on the heart seems lovely in the eye.,66
2,,1632,Saadi Shirazi,A garden is a delight to the eye and a solace for the soul.,59
7,x,1633,Saadi Shirazi,A handsome woman is a jewel; a good woman is a treasure.,56
2,,1634,Saadi Shirazi,"Joy and sorrow, beauty and deformity, equally pass away.",56
3,x,1635,Omar Khayyam,"We are in truth but pieces on this chess board of life, which in the end we leave, only to drop one by one into the grave of nothingness.",137
2,,1636,Omar Khayyam,A hair divides what is false and true.,38
2,,1637,Omar Khayyam,"The moving finger writes; and, having writ, moves on: nor all thy piety nor wit shall lure it back to cancel half a line, nor all thy tears wash out a word of it.",162
2,,1638,Omar Khayyam,The world is neither good nor evil; it is the way we perceive it that makes it so.,82
2,,1639,Omar Khayyam,"How sad, a heart that does not know how to love, that does not know what it is to be drunk with love. If you are not in love, how can you enjoy the blinding light of the sun, the soft light of the moon?",202
4,x,1640,Omar Khayyam,"It's too bad if a heart lacks fire, and is deprived of the light of a heart ablaze. The day on which you are without passionate love is the most wasted day of your life.",169
2,,1641,Omar Khayyam,Be happy for this moment. This moment is your life.,51
5,x,1642,Omar Khayyam,"Drink wine. This is life eternal. This is all that youth will give you. It is the season for wine, roses and drunken friends. Be happy for this moment. This moment is your life.",177
2,,1643,Omar Khayyam,"A book of verses underneath the bough, a jug of wine, a loaf of bread, and thou beside me singing in the wilderness.",116
5,x,1644,Omar Khayyam,"Hearts are like tapers, which at beauteous eyes / Kindle a flame of love that never dies; / And beauty is a flame, where hearts, like moths, / Offer themselves a burning sacrifice.",180
2,,1645,Omar Khayyam,The rose that once has bloomed forever dies.,44
4,x,1646,Omar Khayyam,"A loaf of bread, a jug of wine, and thou.",41
2,,1647,Yunus Emre,True speech is the fruit of not speaking. Too much talking clouds the heart.,76
2,,1648,Yunus Emre,"Whatever separates you from the Truth, throw it away, it will vanish anyhow.",76
2,,1649,Yunus Emre,"The Truth fills the world, but to whom is Truth known? You ask so much of It, but It isn't separate from yourself.",114
2,,1650,Yunus Emre,"I tried to make sense of the Four Books, until love arrived, and it all became a single syllable.",97
2,,1651,Yunus Emre,"A single word can brighten the face of one who knows the value of words. Ripened in silence, a single word acquires a great energy for work.",140
2,,1652,Yunus Emre,"Your love has wrested me away from me, / You're the one I need, you're the one I crave.",87
2,,1653,Yunus Emre,"If I told you about a land of love, / friend, would you follow me and come?",75
5,x,1654,Yunus Emre,To love the world is to be afflicted.,37
2,,1655,Yunus Emre,Love is the water of life; drink it down with heart and soul.,61
2,,1656,Yunus Emre,"Let your heart be filled with love, for love is the essence of all creation.",76
2,,1657,Yunus Emre,"Do not judge a person by their external appearance, for true beauty lies within the heart.",90
1,,1658,Yunus Emre,"The world is full of beauty, if only we take the time to appreciate it.",71
2,,1659,Yunus Emre,"Kindness is the language of the heart, it knows no boundaries.",62
2,,1660,Yunus Emre,Simplicity is the key to a fulfilled life. Let go of material possessions and find joy in the simple things.,108
2,,1661,Yunus Emre,"The beauty of poetry lies not in the words themselves, but in the emotions they evoke.",86
2,,1662,Ibn Khaldun,"No one can stand up against the authority of truth, and the evil of falsehood is to be fought with enlightening speculation.",124
3,x,1663,Ibn Khaldun,"If the soul is impartial in receiving information, it devotes to that information the share of critical investigation the information deserves, and its truth or untruth thus becomes clear. However, if the soul is infected with partisanship for a particular opinion or sect, it accepts without a moment's hesitation the information that is agreeable to it. Prejudice and partisanship obscure the critical faculty and preclude critical investigation. The result is that falsehoods are accepted and transmitted.",508
4,x,1664,Ibn Khaldun,"The intellect (mind), indeed, is a correct scale. Its indications are completely certain and in no way wrong. However, the intellect should not be used to weigh such matters as the oneness of God, the other world, the truth of prophecy, the real character of the divine attributes, or anything else that lies beyond the level of the intellect. That would mean to desire the impossible.",385
2,,1665,Ibn Khaldun,"The inner meaning of history... involves speculation and an attempt to get at the truth, subtle explanation of the causes and origins of existing things, and deep knowledge of the how and why of events.",202
4,x,1666,Ibn Khaldun,"Blindly following ancient customs and traditions doesn't mean that the dead are alive, but that the living are dead.",116
2,,1667,Ibn Khaldun,"Man is the child of customs, not the child of his ancestors.",60
2,,1668,Ibn Khaldun,Habits are qualities of the soul.,33
4,x,1669,Ibn Khaldun,"The bond of intimacy is what gives a group its self-sacrificial ethos. Intimacy is what binds people together: In love, in family, in protection, in fulfilling duties and obligations to others just as they had done to you.",222
4,x,1670,Ibn Khaldun,"It is only in the family we can find the purest reflection of love, compassion, and justice.",92
2,,1671,Ibn Khaldun,"In the case of all human qualities, the extremes are reprehensible, and the middle road is praiseworthy.",104
6,x,1672,Ibn Khaldun,Happiness and profit are achieved mostly by people who are obsequious and use flattery. Such character disposition is one of the reasons for happiness.,151
5,x,1673,Ibn Khaldun,People justify their own subservience to pleasure by citing men and women of the past who allegedly did the same things they are doing.,135
6,x,1674,Abai Kunanbay,"Allah is the truth, the word is the truth, truth is never false.",64
2,,1675,Abai Kunanbay,A just cause need not fear the test of reason.,46
5,x,1676,Abai Kunanbay,Seek to direct [the multitude] onto the path of truth.,54
2,,1677,Abai Kunanbay,Truth cannot be attained unless the soul has a love of it.,58
7,x,1678,Abai Kunanbay,"The verity is still called the truth, and the truth is Allah.",61
6,x,1679,Abai Kunanbay,"Only a love born of clear understanding, infinite faith and a sense of gratitude to Allah for creating human beings with much love and endowing them in turn with the capacity to love and feel pity only this can be called the true love for the Most High.",253
5,x,1680,Abai Kunanbay,"Allah has created humankind with love, so love it more than you do yourself!",76
2,,1681,Abai Kunanbay,"Without love, life is empty.",28
2,,1682,Abai Kunanbay,"Love engenders aspiration and understanding, while reason, intelligence and loving kindness kindle an interest in learning.",123
4,x,1683,Abai Kunanbay,"The duty of human beings is to love the Creator who created them with love. Furthermore, a human being should love all other human beings as brothers and sisters, as well as loving justice.",189
6,x,1684,Abai Kunanbay,"Man's merits lie not in his appearance, but in the purity of his mind, in his spiritual essence, for it is by this that Allah distinguishes amongst us.",151
4,x,1685,Abai Kunanbay,"Mind, education, honour and charm make a man handsome and strong. Nothing more.",79
5,x,1686,Abai Kunanbay,"A person should dress modestly, keep clothes clean and be neat. Spending on clothing more than it is allowed, burdening yourselves with too much care can only [be for] dandies.",176
5,x,1687,Abai Kunanbay,The dignity of a man is not determined by appearance and income. Allah judges a man by his heart and mind.,106
2,x,1688,Zhuangzi,"Once upon a time, I dreamt I was a butterfly, fluttering hither and thither, to all intents and purposes a butterfly. I was conscious only of my happiness as a butterfly, unaware that I was myself. Soon I awaked, and there I was, veritably myself again. Now I do not know whether I was then a man dreaming I was a butterfly, or whether I am now a butterfly dreaming I am a man.",377
4,x,1689,Zhuangzi,"Right is not right; so is not so. If right were really right, it would differ so clearly from not right that there would be no need for argument. If so were really so, it would differ so clearly from not so that there would be no need for argument.",248
2,x,1690,Zhuangzi,"The purpose of a fish trap is to catch fish, and when the fish are caught, the trap is forgotten. The purpose of words is to convey ideas. When the ideas are grasped, the words are forgotten. Where can I find a man who has forgotten words so I can talk with him?",262
2,,1691,Zhuangzi,"Men honor what lies within the sphere of their knowledge, but do not realize how dependent they are on what lies beyond it.",123
6,x,1692,Zhuangzi,"To be truly ignorant, be content with your own knowledge.",57
4,x,1693,Zhuangzi,"The love of a Sage for his fellows likewise finds expression amongst mankind. Were he not told so, he would not know that he loved his fellows. But whether he knows it or whether he does not know it, whether he hears it or whether he does not hear it, his love for his is without end, and mankind cease not to repose therein.",325
6,x,1694,Zhuangzi,Sorrow and happiness are the heresies of virtue; joy and anger lead astray from Tao; love and hate cause loss of virtue. The heart unconscious of sorrow and happiness--that is perfect virtue.,191
3,x,1695,Zhuangzi,"Love of colors bewilders the eye and it fails to see right. Love of harmonies bewitches the ear, and it loses its true hearing. Love of perfumes fills the head with dizziness. Love of flavors ruins the taste. Desires unsettle the heart until the original nature runs amok.",272
3,x,1696,Zhuangzi,"All existing things are really one. We regard those that are beautiful and rare as valuable, and those that are ugly as foul and rotten. The foul and rotten may come to be transformed into what is rare and valuable, and the rare and valuable into what is foul and rotten.",271
4,x,1697,Zhuangzi,Eyes that are blind have no way to tell the loveliness of faces and features; eyes with no pupils have no way to tell the beauty of colored and embroidered silks.,162
4,x,1698,Zhuangzi,"We can't expect a blind man to appreciate beautiful patterns or a deaf man to listen to bells and drums. And blindness and deafness are not confined to the body alone--the understanding has them, too.",200
2,,1699,Zhuangzi,The World is Large--Its beauty indescribable.,45
2,,1700,Wang Wei,"Seated alone by shadowy bamboos, I strum my lyre and laugh aloud; None know that I am here, deep in the woods; Only the bright moon comes to shine on me.",153
3,x,1701,Wang Wei,"To be a stranger in a strange land: Whenever one feasts, one thinks of one's brother twice as much as before, There where my brother far away is ascending, The dogwood is flowering, and a man is missed.",202
2,,1702,Wang Wei,"The autumn hill gathers the remaining light, A flying bird chases after its companion. The green color is bright And brings me into the moment, like a sunset mist that has no fixed place.",187
2,,1703,Wang Wei,"Red beans grow in southern lands; / In spring, how many branches sprout? / I hope you gather them in plenty-- / These things best evoke longing.",144
2,,1704,Wang Wei,"Here in the hills, I bade you farewell; / At dusk, I close my wooden gate. / Next spring, the grass will be green again-- / Will you return, my noble friend?",157
5,x,1705,Wang Wei,"Since beauty is honoured all over the Empire, How could Xi Shi remain humbly at home?",85
4,x,1706,Wang Wei,"And the more the King loved her, the lovelier she looked, Blinding him away from wisdom.",88
2,,1707,Wang Wei,"O Hsiang-yang, how your beautiful days Make drunken my old mountain-heart!",74
2,,1708,Wang Wei,Down in my heart I have always been as pure As this limpid water is.,68
7,x,1709,Xu Zhimo,"If the materialistic West is a civilisation without a heart, as we are accustomed to regard it nowadays, ours, on the other hand, is one without a soul.",152
5,x,1710,Xu Zhimo,The search for religion is the starting point of thought.,57
6,x,1711,Xu Zhimo,"If the truth is a hurt, choose a lie. If a lie is a hurt, choose silence. If silence is a harm, choose to leave.",112
5,x,1712,Xu Zhimo,"At least once in a lifetime, forget yourself for someone. Not expecting results, not seeking companionship, not seeking possession, not even asking for their love. Only to meet them in your most beautiful years.",211
4,x,1713,Xu Zhimo,"Love is the center and essence of life; the success of love is the success of life, and the failure of love is the failure of life.",131
2,,1714,Xu Zhimo,Love is not the possession of a person; it is the sharing of a passion.,71
4,x,1715,Xu Zhimo,"I am a cloud in the sky, that shadows your stirred heart by chance. No need for you to feel surprise, still less to be delighted, in a flash, every trace of me will be gone.",173
2,,1716,Xu Zhimo,I have a love affair; I love stars in the sky; I love their sparkle: No such a miracle in the world.,100
4,x,1717,Xu Zhimo,"Oh, roses, red roses that conquer all other beauties. The thunder storm of last night, that is the signal of your birth. The smile of your cheeks, that is brought, from Heaven.",176
4,x,1718,Xu Zhimo,"Love, is transcendental and transfiguring, and being transfigured through that mysterious force, one's mortal eyes.",115
4,x,1719,Xu Zhimo,The golden willows by the riverside are young brides in the setting sun; their reflections on the shimmering waves always linger in the depth of my heart.,154
7,x,1720,Xu Zhimo,"There are times when our little courtyard ripples with infinite tenderness: Winsome wisteria, bosom bared, invites the caress of persimmon leaves.",146
4,x,1721,Qiu Jin,Don't tell me women are not the stuff of heroes.,48
6,x,1722,Qiu Jin,"The young intellectuals are all chanting, 'Revolution, Revolution,' but I say the revolution will have to start in our homes, by achieving equal rights for women.",162
6,x,1723,Qiu Jin,"Sun and moon have no light left, earth is dark; Our women's world is sunk so deep, who can help us?",99
5,x,1724,Qiu Jin,"In the vast, worldly dust, where can I find my soulmate? My robe is stained with tears!",87
6,x,1725,Qiu Jin,"When no one else shares my tune, what is the point of sighing? To meet a soulmate who knows the same songs, I'd willingly die.",126
4,x,1726,Qiu Jin,"Oh, this poor handkerchief made of merfolk-woven silk, half stained with blood and half soaked in tears.",104
6,x,1727,Qiu Jin,"Bitterly forced to behave as a wife with painted brows, I'm full of disdain!",76
5,x,1728,Qiu Jin,"I desire that they be leaders, awakened lions, advance messengers of learning and intelligence; that they may serve as rafts crossing cloudy ferries; as lamps in dark chambers. That they may let shine, from the center of women's realm in our country, bright light resplendent, glittering rare in the beauty of its color; that on the whole earth globe, they startle the hearts, snatch the eyes of men, causing all to applaud, rejoice.",433
4,x,1729,Qiu Jin,To often toss aside needlework for a love of music. To always strip off hair ornaments to pay for books.,104
2,,1730,Kim Sowol,I call your name till it breaks my heart,40
2,,1731,Kim Sowol,Standing here I may turn into stone but I will call your name till I die,72
3,x,1732,Kim Sowol,"When you leave, weary of me, without a word I shall gently let you go.",70
3,x,1733,Kim Sowol,"I will be calling you till my death, even if I be turned into a stone, my love! My dear love!",93
2,,1734,Kim Sowol,"Miss you. Should I say it, I would only miss you more.",54
4,x,1735,Kim Sowol,"When you go away, sick of seeing me, though I die; No, I shall not shed a tear.",79
2,,1736,Kim Sowol,"On a mountain flowers open, each flower opens, regardless of fall spring and summer, each flower opens.",103
2,,1737,Kim Sowol,The unforgettable memory comes back again when the silken mist spreads over the snow.,85
2,,1738,Kim Sowol,"O name shattered in pieces: A name vanished in the air: A name with no response Yet will I be calling it, till I die.",117
6,x,1739,Han Kang,"Is it true that human beings are fundamentally cruel? Is the experience of cruelty the only thing we share as a species? Is the dignity that we cling to nothing but self-delusion, masking from ourselves the single truth: that each one of us is capable of being reduced to an insect, a ravening beast, a lump of meat? To be degraded, slaughtered--is this the essential of humankind, one which history has confirmed as inevitable?",428
3,x,1740,Han Kang,There are certain memories that remain inviolate to the ravages of time. And to those of suffering. It is not true that everything is colored by time and suffering. It is not true that they bring everything to ruin.,215
5,x,1741,Han Kang,"Glass is transparent, right? And fragile. That's the fundamental nature of glass. And that's why objects that are made of glass have to be handled with care. After all, if they end up smashed or cracked or chipped, then they're good for nothing, right, you just have to chuck them away. Before, we used to have a kind of glass that couldn't be broken. A truth so hard and clear it might as well have been made of glass. So when you think about it, it was only when we were shattered that we proved we had souls. That what we really were was humans made of glass.",562
2,,1742,Han Kang,"Some memories never heal. Rather than fading with the passage of time, those memories become the only things that are left behind when all else is abraded.",155
2,,1743,Han Kang,"Language has a way of slipping through when attempts are made to grip, control or suppress it. So whatever happens, truths of some form will be spoken. I believe this power of language will remain unchanged in the future.",221
2,,1744,Han Kang,Where is love? It is inside my thump-thumping beating chest. What is love? It is the gold thread connecting between our hearts.,127
2,,1745,Han Kang,"When I write, I use my body... I try to infuse those vivid sensations that I feel as a mortal being with blood coursing through her body into my sentences. As if I am sending out an electric current.",199
2,,1746,Han Kang,"It was around then that I realized for the first time that falling in love is like being haunted. Even before I opened my eyes in the morning, you would slip in under my eyelids.",178
6,x,1747,Han Kang,"I believe that trauma is something to be embraced rather than healed or recovered from... through our pained and silent embrace of it over the course of a whole life, life is, perhaps paradoxically, made possible.",213
7,x,1748,Han Kang,"This was the body of a beautiful young woman, conventionally an object of desire, and yet it was a body from which all desire had been eliminated.",146
2,,1749,Han Kang,"Unable to fathom what on earth it could be, this thing so cold, so hostile. This vanishing fragility, this oppressive weight of beauty.",135
3,x,1750,Han Kang,"You said, Beauty is only that which is intense, has a vibrant energy. You said, This thing we call life mustn't ever become something endured.",142
7,x,1751,Han Kang,"As for women who were pretty, intelligent, strikingly sensual, the daughters of rich families--they would only have served to disrupt my carefully ordered existence.",165
3,x,1752,Laxmi Prasad Devkota,Art is the beautiful illustration of Truth from the creative imagination. The truth is in our life and unless it comes from the formlessness to the form we do not realize it.,174
4,x,1753,Laxmi Prasad Devkota,"Even Truth is of many types, like - Imaginative Truth, Practical Truth and Philosophical Truth. That which is in three times, that is called Truth and God itself is the first and the last truth. But in practical life, truth takes many forms and as the practical truth I understand the sensible world's hard comprehensible truth. The one attained by the research of intellect, I call philosophical truth and imaginative that which illustrates through the subtle pictures of the mind. To say the stone is hard is practical truth, saying that adding up one and one the result will be two and through the existence of creation there is truth I call philosophical truth; and saying things like seeing Sarasvati talked with her, I understand as being the imaginative truth. For me, practicality is limited; philosophy, intellect is blind; I enjoy imaginative truth the most and through it find the glimpses of God.",908
5,x,1754,Laxmi Prasad Devkota,"In the divine talent of the Creator the word got born and we, by studying this creation attain clear messages of Divine Conscience, Divine Truth, Divine Beauty and Divine knowledge.",181
2,,1755,Laxmi Prasad Devkota,"To doubt is better, because it helps understand, aids searching. Question is everything, answer is maturity.",108
5,x,1756,Laxmi Prasad Devkota,"Truth shines through feelings... But in the heart there is the brightness of God. I assume feelings or emotions as primary, desiring and thinking come later.",157
2,,1757,Laxmi Prasad Devkota,The chief element of creation is love and the chief action of love is Art.,74
2,,1758,Laxmi Prasad Devkota,A man's greatness is determined by his heart not by the caste and the lineage he brings.,88
4,x,1759,Laxmi Prasad Devkota,"I see sounds, I hear sights, I taste smells, I touch not heaven but things from the underworld, things people do not believe exist, whose shapes the world does not suspect.",172
2,,1760,Laxmi Prasad Devkota,We realize the 'beautiful' through the sensing of Truth and where there is no Truth there isn't beauty.,103
2,,1761,Laxmi Prasad Devkota,"When the creative imagination sees new dreams rising above from imitation and maneuvers its works in its own manner, there Art springs.",135
3,x,1762,Amrita Pritam,"Come! let us take a moment's shelter under some roof. Look! there--before you, a little way off. There is an empty space between truth and falsehood.",149
3,x,1763,Amrita Pritam,"Look further on ahead, between truth and falsehood--a little empty space.",73
3,x,1764,Amrita Pritam,"Love, like the Infinite Self, is an eternal Truth; the poet is closer to Nature and Nature is Truth; when the poet's ears are at one with the heartbeat of Nature, he hears the beat of love, the eternal Truth.",208
2,,1765,Amrita Pritam,The hope of love weighs more than life sometimes.,49
2,,1766,Amrita Pritam,The heart that loves is always young.,37
4,x,1767,Amrita Pritam,Not even god can save you from the destruction of love.,55
2,,1768,Amrita Pritam,"If you are a poet, your heart is a burning candle; if you are a lover, your soul is an endless flame.",101
2,,1769,Amrita Pritam,"Love is not written on paper, for paper can be erased.",54
2,,1770,Amrita Pritam,Love is the only flame that can never be extinguished by the winds of time.,75
2,,1771,Amrita Pritam,Love is not a temporary emotion; it is an eternal connection.,61
2,,1772,Amrita Pritam,The heart knows no boundaries; it only knows the language of love.,66
2,,1773,Amrita Pritam,The beauty of love lies in its imperfections.,45
2,,1774,Amrita Pritam,A woman's worth is not measured by her appearance but by the depth of her thoughts and the power of her spirit.,111
2,,1775,Amrita Pritam,Feminism is the art of unlearning the prejudices ingrained in society and relearning the beauty of equality.,108
8,x,1776,Amrita Pritam,"Where the dance of Meera and the silence of Buddha meet, blossoms the true philosophy of Rajneesh.",98
2,,1777,Kalidasa,Truth is God himself; Truth is the highest vow.,47
2,,1778,Kalidasa,The path of truth is often a lonely one.,40
2,,1779,Kalidasa,The earth is supported by the power of truth; it is the power of truth that makes the sun shine and the winds blow.,115
2,,1780,Kalidasa,"The heart of a good man is like the sun and the moon, it radiates goodness in every direction.",94
2,,1781,Kalidasa,The mind is the source of all suffering and the source of all happiness.,72
2,,1782,Kalidasa,"Love, once awakened, knows no bounds. It transcends lifetimes and carries the fragrance of eternity.",100
2,,1783,Kalidasa,"A thought is as vivid as an act, to a lover.",44
2,,1784,Kalidasa,Grief must be shared to be endured.,35
2,,1785,Kalidasa,"The flame of love is now just a flicker in the wind, but it can be rekindled with forgiveness.",94
2,,1786,Kalidasa,"A life of love is one of continual growth, where the doors and windows of experience are always open to the wonder and magic that life offers.",142
2,,1787,Kalidasa,Beauty is not just in the eyes but in the soul.,47
2,,1788,Kalidasa,The bloom of youth is ephemeral like the morning dew.,53
7,x,1789,Kalidasa,"A woman's beauty is like a flower. It fades with time, but its fragrance lingers on.",84
2,,1790,Kalidasa,The lotus flower blooms most beautifully from the deepest and thickest mud.,75
7,x,1791,Kalidasa,"The moon makes the sky beautiful, just as the beautiful women make the world attractive.",88
2,,1792,Akka Mahadevi,"Like treasure hidden in the ground, like flavor in the fruit, like gold in the rock, and oil in the seed, the Absolute is hidden in the heart.",142
5,x,1793,Akka Mahadevi,"I do not call it his sign, I do not call it becoming one with his sign. I do not call it union, I do not call it harmony with union. I do not say something has happened, I do not say nothing has happened. I will not name it You, I will not name it I. Now that the White Jasmine Lord is myself, what use for words at all?",320
4,x,1794,Akka Mahadevi,"When the body becomes Your mirror, how can it serve? When the mind becomes Your Mind, what is left to remember? Once my life is Your gesture, how can I pray? When all my awareness is Yours, what can there be to know? I became you, Lord, and forgot You.",252
6,x,1795,Akka Mahadevi,"People, male and female, blush when a cloth covering their shame comes loose. When the lord of lives lives drowned without a face in the world, how can you be modest? When all the world is the eye of the lord, onlooking everywhere, what can you cover and conceal?",263
3,x,1796,Akka Mahadevi,"You are the forest, you are all the great trees in the forest, you are bird and beast playing in and out of all the trees. O lord white as jasmine, filling and filled by all, why don't you show me your face?",207
4,x,1797,Akka Mahadevi,"I have fallen in love, O mother, with the Beautiful One, who knows no death, knows no decay and has no form.",108
5,x,1798,Akka Mahadevi,"I have fallen in love, O mother, with the Beautiful One, who has no middle, has no end, has no parts and has no features.",121
2,,1799,Akka Mahadevi,"I have fallen in love, O mother, with the Beautiful One, who knows no birth and knows no fear.",94
7,x,1800,Akka Mahadevi,"I have fallen in love, O mother, with the Beautiful One, who is without any family, without any country and without any peer; Chennamallikarjuna, the Beautiful, is my husband. Fling into the fire the husbands who are subject to death and decay.",244
7,x,1801,Akka Mahadevi,"He bartered my heart, looted my flesh, claimed as tribute my pleasure, took over all of me. I'm the woman of love for my lord, white as jasmine.",144
5,x,1802,Akka Mahadevi,"Like a silkworm weaving her house with love from her marrow, and dying in her body's threads winding tight, round and round, I burn desiring what the heart desires. Cut through, O Lord, my heart's greed, and show me your way out, O Lord white as jasmine.",254
2,,1803,Akka Mahadevi,"Breath for fragrance, who needs flowers? With peace, patience, forgiving and self-command, who needs the Ultimate Posture? The whole world become oneself, who needs solitude, O lord white as jasmine.",199
3,x,1804,Sri Aurobindo,The Divine Truth is greater than any religion or creed or scripture or idea or philosophy.,90
4,x,1805,Sri Aurobindo,"All religions have some truth in them, but none has the whole truth; all are created in time and finally decline and perish.",124
2,,1806,Sri Aurobindo,"When mind is still, then truth gets her chance to be heard in the purity of the silence.",88
2,,1807,Sri Aurobindo,"A thought is an arrow shot at the truth; it can hit a point, but not cover the whole target.",92
2,,1808,Sri Aurobindo,Our human knowledge is a candle burnt on a dim altar to a sun-vast Truth.,73
4,x,1809,Sri Aurobindo,"There are two allied powers in man; knowledge and wisdom. Knowledge is so much of the truth seen in a distorted medium as the mind arrives at by groping, wisdom what the eye of divine vision sees in the spirit.",210
2,,1810,Sri Aurobindo,True knowledge is not attained by thinking. It is what you are; it is what you become.,86
4,x,1811,Sri Aurobindo,"What men call knowledge, is the reasoned acceptance of false appearances. Wisdom looks behind the veil and sees.",112
4,x,1812,Sri Aurobindo,The supreme state of human love is... the unity of one soul in two bodies.,74
2,,1813,Sri Aurobindo,"Love is the keynote, Joy is the music, Knowledge is the performer, the Infinite All is the composer and audience.",113
4,x,1814,Sri Aurobindo,"The whole world yearns after freedom, yet each creature is in love with his chains; this is the first paradox and inextricable knot of our nature.",146
6,x,1815,Sri Aurobindo,"One can have a psychic feeling of love for someone, a universal love for all creatures, but one has to give oneself only to the Divine.",135
3,x,1816,Sri Aurobindo,"The Divine Love, unlike the human, is deep and vast and silent; one must become quiet and wide to be aware of it and reply to it.",129
4,x,1817,Sri Aurobindo,"Love leads us from the suffering of division into the bliss of perfect union, but without losing that joy of the act of union which is the soul's greatest discovery and for which the life of the cosmos is a long preparation.",224
3,x,1818,Sri Aurobindo,"Beauty is the special divine Manifestation in the physical as Truth is in the mind, Love in the heart, Power in the vital.",122
3,x,1819,Sri Aurobindo,Beauty is the way in which the physical expresses the Divine -- but the principle and law of Beauty is something inward and spiritual and expresses itself through the form.,172
2,x,1820,Sri Aurobindo,"Beauty is Ananda taking form -- but the form need not be a physical shape. One speaks of a beautiful thought, a beautiful act, a beautiful soul. What we speak of as beauty is Ananda in manifestation; beyond manifestation beauty loses itself in Ananda or, you may say, beauty and Ananda become indistinguishably one.",315
4,x,1821,Sri Aurobindo,"To find highest beauty is to find God; to reveal, to embody, to create, as we say, highest beauty is to bring out of our souls the living image and power of God.",161
4,x,1822,Sri Aurobindo,The highest aim of the aesthetic being is to find the Divine through beauty; the highest Art is that which by an inspired use of significant and interpretative form unseals the door of the spirit.,196
2,,1823,Tukaram,"Truth is the only freedom; untruth is bondage, there is no secret like this.",76
5,x,1824,Tukaram,The essence of the endless Vedas is this: Seek the shelter of God and repeat His name with all thy heart.,105
2,,1825,Tukaram,"Merit consists in doing good to others, sin in doing harm to others. There is no other pair comparable to this.",111
2,,1826,Tukaram,"Saintliness is not to be purchased in shops, nor is it to be had for wandering, nor in cupboards, nor in deserts, nor in forests.",129
2,,1827,Tukaram,Words are the only Jewels I possess; Words are the only Clothes that I wear; Words are the only food That sustains my life; Words are the only wealth I distribute among people.,176
3,x,1828,Tukaram,"A beggar at thy door, pleading I stand; Give me an alms, O God, love from thy loving hand.",90
2,,1829,Tukaram,With love you lead me by the hand and stay with me wherever I go.,65
3,x,1830,Tukaram,The path of love is the path of devotion to God.,48
3,x,1831,Tukaram,Let others wear fine clothes to please the Lord. I offer only my naked heart.,77
2,,1832,Tukaram,My cart is light now. I have thrown away all but love.,54
4,x,1833,Tukaram,"The shell of the coconut is hard, but the inside is excellent. In accordance with this, remember, that purity inside is what we aim at. The jackfruit has a thorny rind, but it is sweet within. The sugarcane is hard and black without but it is well flavored and sweet within. Our food owes its flavor to salt. The value of a thing depends on its inner qualities; what do its faults outside matter?",396
5,x,1834,Tukaram,"Without a worshipper, how can God assume a form and accept service? The one makes the other beautiful, as a gold setting shows off a jewel.",139
2,,1835,Tukaram,"Smaller than the smallest mote, All embracing as the heavens, I finally see the world as it is -- All appearance but a dream.",125
2,,1836,B. R. Ambedkar,Reason and judgment are the only means to understand truth.,59
2,,1837,B. R. Ambedkar,Nothing is infallible. Nothing is binding forever. Everything is subject to inquiry and examination.,100
3,x,1838,B. R. Ambedkar,"Religion must mainly be a matter of principles only. It cannot be a matter of rules. The moment it degenerates into rules, it ceases to be a religion, as it kills responsibility which is an essence of the true religious act.",224
4,x,1839,B. R. Ambedkar,Indifferentism is the worst kind of disease that can affect people.,67
2,,1840,B. R. Ambedkar,"Freedom of mind is the real freedom. A person whose mind is not free, though he may not be in chains, is a slave, not a free man.",129
4,x,1841,B. R. Ambedkar,The relationship between husband and wife should be one of closest friends.,75
2,,1842,B. R. Ambedkar,"I like the religion that teaches liberty, equality and fraternity.",66
2,,1843,B. R. Ambedkar,A just society is that society in which ascending sense of reverence and descending sense of contempt is dissolved into the creation of a compassionate society.,160
2,,1844,B. R. Ambedkar,"It is disgraceful to live at the cost of one's self-respect. Self-respect is the most vital factor in life. Without it, man is a cipher.",136
2,,1845,B. R. Ambedkar,Learn to live in this world with self-respect.,46
2,,1846,B. R. Ambedkar,Man is mortal. Everyone has to die some day or the other. But one must resolve to lay down one's life in enriching the noble ideals of self-respect and in bettering one's human life.,182
2,,1847,Faiz Ahmed Faiz,"Speak, for your lips are free; / Speak, your tongue is still your own; / This straight body still is yours, / Speak, your life is still your own.",145
5,x,1848,Faiz Ahmed Faiz,"We shall see / Certainly we, too, will see / That promised day-- / That day ordained / When these colossal mountains / Of tyranny and oppression / Will explode into wisps of hay.",178
4,x,1849,Faiz Ahmed Faiz,"This trembling light, this night-bitten dawn, / This is not the dawn we waited for so long. / This is not the dawn whose birth was sired, / By so many lives, by so much blood.",175
6,x,1850,Faiz Ahmed Faiz,"I bow to your streets, O my country, where / common law decrees none may raise their head. / Should one desire the grace of pilgrimage, / avoid the gaze of others, keep life and limb safe.",188
4,x,1851,Faiz Ahmed Faiz,"Do not ask, my love, for the love we had before: / You existed, I told myself, so all existence shone, / Grief for me was you; the world's grief was far. / Spring was ever renewed in your face: / Beyond your eyes, what could the world hold? / Had I won you, Fate's head would hang, defeated.",291
3,x,1852,Faiz Ahmed Faiz,"Before you came, / things were as they should be: / the sky was the dead-end of sight, / the road was just a road, wine merely wine. / Now everything is like my heart, / a color at the edge of blood: / the grey of your absence, the color of poison, of thorns, / the gold when we meet, the season ablaze, / the yellow of autumn, the red of flowers, of flames, / and the black when you cover the earth / with the coal of dead fires.",430
4,x,1853,Faiz Ahmed Faiz,"My beloved, / My own, / Do not demand the love / I gave you once. / For a moment, I really believed / That you alone gave meaning / To my withered life; / That the accelerating pain / Of my unrequited love, / Would make me forget / All other torments / Of this troubled world; / That your face lent stability / To the restless spring; / That nothing else mattered / In this empty world / But your deep, seductive eyes.",418
6,x,1854,Faiz Ahmed Faiz,"Your beauty guaranteed the spring, ordained its enduring green. Your eyes were all there was of value anywhere.",111
2,,1855,Faiz Ahmed Faiz,"Before you came things were just what they were: the road precisely a road, the horizon fixed, the limit of what could be seen, a glass of wine no more than a glass of wine.",173
3,x,1856,Faiz Ahmed Faiz,"The world knows sorrows other than those of love, pleasures beyond those of romance: The dread dark spell of countless centuries woven with silk and satin and gold brocade.",172
6,x,1857,Faiz Ahmed Faiz,"Your beauty is alluring as ever, your arms inviting as always: But how can I ever ignore all this ugliness, all this pain?",122
5,x,1858,Parveen Shakir,"Main sach kahungi magar phir bhi haar jaungi, Woh jhooth bolega aur la-jawab kar dega.",86
5,x,1859,Parveen Shakir,"Khush aaye tujhe shahr-e-munaafiq ki ameeri, Hum logon ko sach kehne ki aadat bhi bahut thi.",92
6,x,1860,Parveen Shakir,"Woh bhi sar-e-maqtal hai ki sach jis ka tha shaahid, Aur waaqif-e-ahvaal-e-adaalat bhi bahut thi.",97
5,x,1861,Parveen Shakir,"He is fragrance, and shall diffuse in the winds, / The trouble lies with the flower, where shall the flower go?",111
2,,1862,Parveen Shakir,"I thought it's just a wound that would heal at last, / Little did I know it would spread out to every part of my existence.",123
2,,1863,Parveen Shakir,My heart refuses to go down the path / That tries to separate you from me.,74
2,,1864,Parveen Shakir,"My quivering lips continue to utter just this prayer / That the time stops, that these moments freeze forever.",110
6,x,1865,Parveen Shakir,"Fatigued by travel, you have halted to respite in the desert / What do you care if someone is left all alone to continue this journey?",134
4,x,1866,Parveen Shakir,"Whenever you change, my eyes unwittingly / Wander over my fate in the pattern of my palms.",90
2,,1867,Parveen Shakir,"I wish for you a well-pleased life, a contented heart, / And a hope that you never have to suffer the agony of loneliness.",122
7,x,1868,Parveen Shakir,"No one will love you the way I did, / So do not fall in love again ever!",72
7,x,1869,Parveen Shakir,"A whole lifetime is required to know full well what beauty is, for girls do not reveal themselves in momentary encounters.",122
5,x,1870,Parveen Shakir,He is the fragrance that will disperse in the wind. Now the question is what will become of the flower.,103
4,x,1871,Parveen Shakir,Call him a cloud or a star or a breeze. He seemed elusive in the substance of her being.,88
3,x,1872,Parveen Shakir,"In the icy arms of marble, faced with this dreamy beauty, my eyes are in a daze.",80
2,,1873,Dalai Lama XIV (Tenzin Gyatso),"Try to remain truthful. The power of truth never declines. Force and violence may be effective in the short term, but in the long run it's truth that prevails.",159
2,,1874,Dalai Lama XIV (Tenzin Gyatso),We must not lose our trust in the power of truth. Everything is always changing in the world.,93
2,,1875,Dalai Lama XIV (Tenzin Gyatso),"If you are honest, truthful, and transparent, people trust you. If people trust you, you have no grounds for fear, suspicion or jealousy.",137
2,,1876,Dalai Lama XIV (Tenzin Gyatso),"The challenge today is to convince people of the value of truth, honesty, compassion and a concern for others.",110
6,x,1877,Dalai Lama XIV (Tenzin Gyatso),"From the viewpoint of absolute truth, what we feel and experience in our ordinary daily life is all delusion.",109
2,,1878,Dalai Lama XIV (Tenzin Gyatso),Love is the absence of judgment.,32
2,,1879,Dalai Lama XIV (Tenzin Gyatso),"Love and compassion are necessities, not luxuries. Without them, humanity cannot survive.",89
2,,1880,Dalai Lama XIV (Tenzin Gyatso),Remember that the best relationship is one in which your love for each other exceeds your need for each other.,110
2,,1881,Dalai Lama XIV (Tenzin Gyatso),The need for love lies at the very foundation of human existence.,65
2,,1882,Dalai Lama XIV (Tenzin Gyatso),"Give the ones you love wings to fly, roots to come back, and reasons to stay.",77
2,,1883,Dalai Lama XIV (Tenzin Gyatso),"The more you are motivated by love, the more fearless and free your action will be.",83
2,,1884,Dalai Lama XIV (Tenzin Gyatso),"If there is love, there is hope that one may have real families, real brotherhood, real equanimity, real peace.",111
2,,1885,Dalai Lama XIV (Tenzin Gyatso),Love and compassion are the pillars of world peace.,51
2,,1886,Dalai Lama XIV (Tenzin Gyatso),"People go to great lengths to look physically attractive, but inner beauty is a more important and stronger basis for lasting relationships.",140
2,,1887,Dalai Lama XIV (Tenzin Gyatso),"I often tease young people about their concern for how they look; more important is inner beauty--compassion, affection, and respect.",133
2,,1888,Dalai Lama XIV (Tenzin Gyatso),Real human beauty is expressed through warmheartedness.,55
2,,1889,Dalai Lama XIV (Tenzin Gyatso),"With genuine love and compassion, another person's appearance or behavior has no effect on your attitude.",105
3,x,1890,Dalai Lama XIV (Tenzin Gyatso),"Some people, sweet and attractive, and strong and healthy, happen to die young. They are masters in disguise teaching us about impermanence.",140
2,,1891,Pema Chödrön,Fear is a natural reaction to moving closer to the truth.,57
3,x,1892,Pema Chödrön,The truth you believe and cling to makes you unavailable to hear anything new.,78
1,,1893,Pema Chödrön,"In truth, there is enormous space in which to live our everyday lives.",70
2,,1894,Pema Chödrön,"We think that the point is to pass the test or overcome the problem, but the truth is that things don't really get solved. They come together and they fall apart.",162
2,,1895,Pema Chödrön,"The most fundamental aggression to ourselves, the most fundamental harm we can do to ourselves, is to remain ignorant by not having the courage and the respect to look at ourselves honestly and gently.",201
2,,1896,Pema Chödrön,"If we learn to open our hearts, anyone, including the people who drive us crazy, can be our teacher.",100
2,x,1897,Pema Chödrön,Compassion is not a relationship between the healer and the wounded. It's a relationship between equals. Only when we know our own darkness well can we be present with the darkness of others. Compassion becomes real when we recognize our shared humanity.,254
2,,1898,Pema Chödrön,The only reason we don't open our hearts and minds to other people is that they trigger confusion in us that we don't feel brave enough or sane enough to deal with.,164
2,,1899,Pema Chödrön,"Having compassion starts and ends with having compassion for all those unwanted parts of ourselves, all those imperfections that we don't even want to look at.",159
2,,1900,Pema Chödrön,"Without loving-kindness for ourselves, it is difficult to genuinely feel it for others.",87
2,,1901,Pema Chödrön,"Someone I loved once gave me a box full of darkness. It took me years to understand that this, too, was a gift.",111
4,x,1902,Pema Chödrön,"Whatever our quality is, that's our wealth and our beauty; that's what other people respond to.",95
2,x,1903,Pema Chödrön,"We see how beautiful and wonderful and amazing things are, and we see how caught up we are. It isn't that one is the bad part and one is the good part, but that it's a kind of interesting, smelly, rich, fertile mess of stuff. When it's all mixed up together, it's us: humanness.",278
2,,1904,Pema Chödrön,"That nothing is static or fixed, that all is fleeting and impermanent, is the first mark of existence.",102
2,,1905,Pema Chödrön,"One can appreciate and celebrate each moment -- there's nothing more sacred. There's nothing more vast or absolute. In fact, there's nothing more!",146
2,x,1906,Pema Chödrön,"Each moment is just what it is. It might be the only moment of our life; it might be the only strawberry we'll ever eat. We could get depressed about it, or we could finally appreciate it and delight in the preciousness of every single moment of our life.",255
2,,1907,Teresa of Ávila,"Truth suffers, but never dies.",30
4,x,1908,Teresa of Ávila,"It is a most certain truth, that the richer we see ourselves to be, confessing at the same time our poverty, the greater will be our progress, and the more real our humility.",174
2,,1909,Teresa of Ávila,To be humble is to walk in truth.,33
2,,1910,Teresa of Ávila,Never affirm anything unless you are sure it is true.,53
2,,1911,Teresa of Ávila,"Prayer is an act of love; words are not needed. Even if sickness distracts from thoughts, all that is needed is the will to love.",129
6,x,1912,Teresa of Ávila,"It is not a matter of thinking a great deal but of loving a great deal, so do whatever arouses you most to love.",112
2,,1913,Teresa of Ávila,Love draws forth love.,22
3,x,1914,Teresa of Ávila,"Accustom yourself continually to make many acts of love, for they enkindle and melt the soul.",93
6,x,1915,Teresa of Ávila,True love grows by sacrifice and the more thoroughly the soul rejects natural satisfaction the stronger and more detached its tenderness becomes.,145
2,,1916,Teresa of Ávila,Love makes labour light. Love alone gives value to all things.,62
5,x,1917,Teresa of Ávila,"So dearly does His Majesty love us that He will reward our love for our neighbor by increasing the love which we bear to Himself, and that in a thousand ways.",158
2,,1918,Teresa of Ávila,It is not so essential to think much as to love much.,53
2,,1919,Teresa of Ávila,It is the nature of love to work in a thousand different ways.,62
5,x,1920,Teresa of Ávila,"Nothing can be compared to the great beauty and capabilities of a soul; however keen our intellects may be, they are as unable to comprehend them as to comprehend God, for, as He has told us, He created us in His own image and likeness.",236
5,x,1921,Teresa of Ávila,"As to what good qualities there may be in our souls, or who dwells within them, or how precious they are -- those are things which we seldom consider and so we trouble little about carefully preserving the soul's beauty.",220
5,x,1922,Teresa of Ávila,"In a state of grace, the soul is like a well of limpid water, from which flow only streams of clearest crystal. Its works are pleasing both to God and man, rising from the River of Life, beside which it is rooted like a tree.",225
2,,1923,Teresa of Ávila,"We may speak of love and humility as the true flowers of spiritual growth; and they give off a wonderful scent, which benefits all those who come near.",151
5,x,1924,St. Francis of Assisi,"Where there is error, may we bring truth.",41
2,,1925,St. Francis of Assisi,Truth needs not to be proved; it is its own witness.,52
5,x,1926,St. Francis of Assisi,"We must all be on our guard against pride and empty boasting and beware of worldly or natural wisdom. A worldly spirit loves to talk a lot but do nothing, striving for the exterior signs of holiness that people can see, with no desire for true piety and interior holiness of spirit.",282
6,x,1927,St. Francis of Assisi,"Humility, patience, perfect simplicity, and true peace of heart are all its aim, but above everything else it desires the fear of God, the divine wisdom and the divine love of the Father, Son, and Holy Spirit.",209
6,x,1928,St. Francis of Assisi,"When we see or hear people speaking or doing evil or blaspheming God, we must say and do good, praising God, who is blessed forever.",132
2,,1929,St. Francis of Assisi,"Lord, make me an instrument of thy peace. Where there is hatred, let me sow love.",81
2,,1930,St. Francis of Assisi,"Lord, grant that I might not so much seek to be loved as to love.",65
2,,1931,St. Francis of Assisi,For it is in giving that we receive.,36
2,,1932,St. Francis of Assisi,"Where there is charity and wisdom, there is neither fear nor ignorance.",71
3,x,1933,St. Francis of Assisi,Blessed is the servant who loves his brother as much when he is sick and useless as when he is well and can be of service to him.,129
2,,1934,St. Francis of Assisi,"Dear God, please reveal to us your sublime beauty, that is everywhere, everywhere, everywhere, so that we will never again feel frightened.",139
2,,1935,St. Francis of Assisi,A single sunbeam is enough to drive away many shadows.,54
2,,1936,St. Francis of Assisi,All the darkness in the world cannot extinguish the light of a single candle.,77
2,,1937,St. Francis of Assisi,"Be praised, my Lord, through all your creatures, especially through my lord Brother Sun, who brings the day; and you give light through him. And he is beautiful and radiant in all his splendor! Of you, Most High, he bears the likeness.",235
2,,1938,St. Francis of Assisi,"Be praised, my Lord, through Sister Moon and the stars; in the heavens you have made them, precious and beautiful.",114
3,x,1939,St. Francis of Assisi,"Be praised, my Lord, through our sister Mother Earth, who feeds us and rules us, and produces various fruits with colored flowers and herbs.",140
4,x,1940,Meister Eckhart,"I tell you the truth, any object you have in your mind, however good, will be a barrier between you and the inmost Truth.",121
7,x,1941,Meister Eckhart,"Truth is something so noble that if God could turn aside from it, I could keep the truth and let God go.",104
4,x,1942,Meister Eckhart,Only the hand that erases can write the true thing.,51
4,x,1943,Meister Eckhart,"The eye through which I see God is the same eye through which God sees me; my eye and God's eye are one eye, one seeing, one knowing, one love.",143
2,,1944,Meister Eckhart,"All true morality, inward and outward, is comprehended in love, for love is the foundation of all the commandments.",115
2,,1945,Meister Eckhart,"As God can only be seen by His own light, so He can only be loved by His own love.",82
5,x,1946,Meister Eckhart,"If you love yourself, you love everybody else as you do yourself. As long as you love another person less than yourself, you will not succeed in loving yourself, but if you love all alike, including yourself, you will love them as one person and that person is both God and man.",278
5,x,1947,Meister Eckhart,"Love is as strong as death, as hard as Hell. Death separates the soul from the body, but love separates all things from the soul.",129
2,,1948,Meister Eckhart,"What a man takes in by contemplation, that he pours out in love.",64
2,,1949,Meister Eckhart,This then is salvation - when we marvel at the beauty of created things and praise their beautiful Creator.,107
2,,1950,Meister Eckhart,Grace pours all beauty into the soul ... The soul means the world.,66
2,,1951,Meister Eckhart,"Apprehend God in all things, for God is in all things. Every single creature is full of God and is a book about God. Every creature is a word of God.",149
2,,1952,Julian of Norwich,"Truth sees God, and wisdom contemplates God, and from these two comes a third, a holy and wonderful delight in God, who is love.",128
2,,1953,Julian of Norwich,"Where Truth and Wisdom are verily, there is Love verily, coming of them both.",77
5,x,1954,Julian of Norwich,"God is endless, sovereign Truth,--Wisdom,--Love, not-made; and man's Soul is a creature in God which hath the same properties made.",131
2,,1955,Julian of Norwich,"Our life is all grounded and rooted in love, and without love we may not live.",78
2,,1956,Julian of Norwich,"He that made all things for love, by the same love keepeth them, and shall keep them without end.",97
3,x,1957,Julian of Norwich,Wouldest thou wit thy Lord's meaning in this thing? Wit it well: Love was his meaning. Who shewed it thee? Love. What shewed He thee? Love. Wherefore shewed it He? for Love...Thus was I learned that Love is our Lord's meaning.,226
2,,1958,Julian of Norwich,God loved us before he made us; and his love has never diminished and never shall.,82
2,,1959,Julian of Norwich,The greatest honor we can give Almighty God is to live gladly because of the knowledge of his love.,99
4,x,1960,Julian of Norwich,"In life is marvellous homeliness, and in love is gentle courtesy, and in light is endless Nature-hood.",102
5,x,1961,Julian of Norwich,"For Nature is all good and fair in itself, and Grace was sent out to save Nature and destroy sin, and bring again fair nature to the blessed point from whence it came: that is God.",180
5,x,1962,Julian of Norwich,"And thus an horrible thing to see for the loved soul that would be all fair and shining in the sight of God, as Nature and Grace teacheth.",138
5,x,1963,Julian of Norwich,"The soul that beholdeth the fair nature of our Lord Jesus, it hateth no hell but sin.",85
2,,1964,Hildegard of Bingen,The truth is like a tree that has deep roots and high branches.,63
2,,1965,Hildegard of Bingen,Truthfulness is like a mirror that shows us who we really are and what we need to do in life.,93
2,,1966,Hildegard of Bingen,Honesty is like a light that dispels darkness and reveals the truth.,68
2,,1967,Hildegard of Bingen,"What I do not see I do not know. I see, hear and know simultaneously and learn what I know as if in a moment.",109
4,x,1968,Hildegard of Bingen,"Just as a mirror, which reflects all things, is set in its own container, so too the rational soul is placed in the fragile container of the body. In this way, the body is governed in its earthly life by the soul, and the soul contemplates heavenly things through faith.",270
4,x,1969,Hildegard of Bingen,"Love abounds in all things, excels from the depths to beyond the stars, is lovingly disposed to all things. She has given the king on high the kiss of peace.",157
4,x,1970,Hildegard of Bingen,"The soul is kissed by God in its innermost regions. With interior yearning, grace and blessing are bestowed. It is a yearning to take on God's gentle yoke, It is a yearning to give one's self to God's Way.",205
2,,1971,Hildegard of Bingen,"We shall awaken from our dullness and rise vigorously toward justice. If we fall in love with creation deeper and deeper, we will respond to its endangerment with passion.",171
6,x,1972,Hildegard of Bingen,"Love, which, in concert with Abstinence, established Faith, and which, along with Patience, builds up Chastity, is like the columns that sustain the four corners of a house.",173
2,,1973,Hildegard of Bingen,It is the love of God that flows through all creation... Humanity is called to participate in this love by caring for the earth and all its creatures.,150
5,x,1974,Hildegard of Bingen,"She is so bright and glorious that you cannot look at her face or her garments for the splendor with which she shines. For she is terrible with the terror of the avenging lightning, and gentle with the goodness of the bright sun; and both her terror and her gentleness are incomprehensible to humans... But she is with everyone and in everyone, and so beautiful is her secret that no person can know the sweetness with which she sustains people, and spares them in inscrutable mercy.",483
4,x,1975,Hildegard of Bingen,"I am the fiery life of the essence of God; I am the flame above the beauty in the fields; I shine in the waters; I burn in the sun, the moon, and the stars. And with the airy wind, I quicken all things vitally by an unseen, all-sustaining life.",244
2,,1976,Hildegard of Bingen,"Glance at the sun. See the moon and the stars. Gaze at the beauty of the Earth's greenings. Now, think.",103
2,,1977,Hildegard of Bingen,"Every creature is a glittering, glistening mirror of Divinity.",62
2,,1978,Hildegard of Bingen,"Humanity, take a good look at yourself. Inside, you've got heaven and earth, and all of creation. You're a world--everything is hidden in you.",142
5,x,1979,Mother Teresa,"The truth is nothing but humility, and when we are humble, we are holy.",71
6,x,1980,Mother Teresa,"Humility is truth, therefore in all sincerity we must be able to look up and say, 'I can do all things in Him who strengthens me.' By yourself you can do nothing, have nothing but sin, weakness and misery. All the gifts of nature and grace you have them from God.",263
3,x,1981,Mother Teresa,Honesty and transparency make you vulnerable. Be honest and transparent anyway.,79
3,x,1982,Mother Teresa,"If you judge people, you have no time to love them.",51
2,,1983,Mother Teresa,Not all of us can do great things. But we can do small things with great love.,78
2,,1984,Mother Teresa,"Every time you smile at someone, it is an action of love, a gift to that person, a beautiful thing.",99
4,x,1985,Mother Teresa,"Love begins at home, and it is not how much we do... but how much love we put in that action.",93
2,,1986,Mother Teresa,Spread love everywhere you go. Let no one ever come to you without leaving happier.,83
2,,1987,Mother Teresa,"Intense love does not measure, it just gives.",45
4,x,1988,Mother Teresa,The hunger for love is much more difficult to remove than the hunger for bread.,79
4,x,1989,Mother Teresa,"I have found the paradox, that if you love until it hurts, there can be no more hurt, only more love.",101
2,,1990,Mother Teresa,"Love is a fruit in season at all times, and within reach of every hand.",71
3,x,1991,Mother Teresa,"Do not think that love, in order to be genuine, has to be extraordinary.",72
2,,1992,Mother Teresa,"Life is beauty, admire it.",26
5,x,1993,Mother Teresa,Do you want to do something beautiful for God? There is a person who needs you. This is your chance.,100
2,,1994,Mother Teresa,"Let us always meet each other with a smile, for the smile is the beginning of love.",83
8,x,1995,Mother Teresa,"Purity, chastity, and virginity created a special beauty in Mary that attracted God's attention.",96
2,,1996,Virginia Woolf,If you do not tell the truth about yourself you cannot tell it about other people.,82
2,,1997,Virginia Woolf,"For there is a virtue in truth; it has an almost mystic power. Like radium, it seems to give off forever and ever grains of energy, atoms of light.",147
2,,1998,Virginia Woolf,"It is in our idleness, in our dreams, that the submerged truth sometimes comes to the top.",90
4,x,1999,Virginia Woolf,"Mental fight means thinking against the current, not with it. It is our business to puncture gas bags and discover the seeds of truth.",134
3,x,2000,Virginia Woolf,Truth is only to be had by laying together many varieties of error.,67
2,,2001,Virginia Woolf,"One cannot think well, love well, sleep well, if one has not dined well.",72
2,,2002,Virginia Woolf,"I see you everywhere, in the stars, in the river, to me you're everything that exists; the reality of everything.",113
5,x,2003,Virginia Woolf,Just in case you ever foolishly forget; I'm never not thinking of you.,70
7,x,2004,Virginia Woolf,"Love, the poet said, is woman's whole existence.",48
4,x,2005,Virginia Woolf,To love makes one solitary.,27
4,x,2006,Virginia Woolf,What does the brain matter compared with the heart?,51
2,,2007,Virginia Woolf,But nothing is so strange when one is in love (and what was this except being in love?) as the complete indifference of other people.,133
4,x,2008,Virginia Woolf,"There was a star riding through clouds one night, and I said to the star 'Consume me'.",86
4,x,2009,Virginia Woolf,"Beauty was not everything. Beauty had this penalty--it came too readily, came too completely. It stilled life--froze it.",120
3,x,2010,Virginia Woolf,"Beauty, the world seemed to say. And as if to prove it (scientifically) wherever he looked... beauty sprang instantly... Beauty was everywhere.",143
3,x,2011,Virginia Woolf,No sooner have you feasted on beauty with your eyes than your mind tells you that beauty is vain and beauty passes.,115
6,x,2012,Virginia Woolf,"As for the beauty of women, it is like the light on the sea, never constant to a single wave. They all have it; they all lose it.",129
2,,2013,Virginia Woolf,The inner life has its soft and gentle beauty; an abstract formlessness as well as a subtle charm.,98
6,x,2014,Virginia Woolf,"The beautiful seems right by force of beauty, and the feeble wrong because of weakness.",87
5,x,2015,Allen Ginsberg,I don't think there is any truth. There are only points of view.,64
6,x,2016,Allen Ginsberg,"Truth is dissent, where all power resides in the Big Lie.",57
2,,2017,Allen Ginsberg,The only thing that can save the world is the reclaiming of the awareness of the world. That's what poetry does. By poetry I mean the imagining of what has been lost and what can be found--the imagining of who we are and the slow realization of it.,248
3,x,2018,Allen Ginsberg,Poetry is the one place where people can speak their original human mind. It is the outlet for people to say in public what is known in private.,144
2,,2019,Allen Ginsberg,"The weight of the world is love. Under the burden of solitude, under the burden of dissatisfaction.",99
4,x,2020,Allen Ginsberg,"No rest without love, no sleep without dreams of love--be mad or chill obsessed with angels or machines, the final wish is love--cannot be bitter, cannot deny, cannot withhold if denied: the weight is too heavy.",211
2,,2021,Allen Ginsberg,I speak of love that comes to mind: the moon is faithful...,59
4,x,2022,Allen Ginsberg,"Be careful, you are not in Wonderland. I've heard the strange madness long growing in your soul. But you are fortunate in your ignorance, in your isolation. You who have suffered, find where love hides. Give, share, lose--lest we die, unbloomed.",245
4,x,2023,Allen Ginsberg,"I shudder, I see the love, I'm doomed, my heart melts again--can't stand not to be in love, can't stand not to be melting with real tenderness, childlike need sweetnesses, that's what's wrong with me.",200
2,,2024,Allen Ginsberg,We're all golden sunflowers inside.,35
2,,2025,Allen Ginsberg,"None of us understand what we're doing, but we do beautiful things anyway.",74
3,x,2026,Allen Ginsberg,Follow your inner moonlight; don't hide the madness.,52
2,,2027,Allen Ginsberg,"When you notice something clearly and see it vividly, it then becomes sacred.",77
2,,2028,Allen Ginsberg,The poignancy of a photograph comes from looking back to a fleeting moment in a floating world. The transitoriness is what creates the sense of the sacred.,155
2,,2029,Adrienne Rich,When a woman tells the truth she is creating the possibility for more truth around her.,87
3,x,2030,Adrienne Rich,The unconscious wants truth. It ceases to speak to those who want something else more than truth.,97
4,x,2031,Adrienne Rich,"False history gets made all day, any day, the truth of the new is never on the news.",84
2,,2032,Adrienne Rich,Lying is done with words and also with silence.,47
3,x,2033,Adrienne Rich,"There is no 'the truth,' 'a truth'--truth is not one thing, or even a system. It is an increasing complexity.",109
2,,2034,Adrienne Rich,I choose to love this time for once with all my intelligence. -- *The Dream of a Common Language: Poems 1974-1977*,114
5,x,2035,Adrienne Rich,I do not give simplehearted love and nor allow you simply love me. -- *Tonight No Poetry Will Serve*,100
3,x,2036,Adrienne Rich,"An honorable human relationship--that is, one in which two people have the right to use the word 'love'--is a process, delicate, violent, often terrifying to both persons involved, a process of refining the truths they can tell each other. -- *On Lies, Secrets, and Silence: Selected Prose 1966-1978*",300
2,,2037,Adrienne Rich,The more I live the more I think two people together is a miracle. -- *Twenty-One Love Poems*,93
4,x,2038,Adrienne Rich,"I touch you knowing we weren't born tomorrow, and somehow, each of us will help the other live, and somewhere, each of us must help the other die. -- *Twenty-One Love Poems*",173
2,,2039,Adrienne Rich,The beauty of darkness is how it lets you see.,46
2,x,2040,Adrienne Rich,"We may feel bitterly how little our poems can do in the face of seemingly out-of-control technological power and seemingly limitless corporate greed, yet it has always been true that poetry can break isolation, show us to ourselves when we are outlawed or made invisible, remind us of beauty where no beauty seems possible, remind us of kinship where all is represented as separation.",384
4,x,2041,Adrienne Rich,"You have to be free to play around with the notion that day might be night, love might be hate; nothing can be too sacred for the imagination to turn into opposite or to call experimentally by another name. For writing is renaming.",231
2,,2042,Octavio Paz,"Poetry is not truth, it is the resurrection of presences.",57
4,x,2043,Octavio Paz,"The relations between rhetoric and ethics are disturbing: the ease with which language can be twisted is worrisome, and the fact that our minds accept these perverse games so docilely is no less cause for concern.",213
6,x,2044,Octavio Paz,Modern man likes to pretend that his thinking is wide-awake. But this wide-awake thinking has led us into the mazes of a nightmare in which the torture chambers are endlessly repeated in the mirrors of reason.,209
2,,2045,Octavio Paz,"Wisdom lies neither in fixity nor in change, but in the dialectic between the two.",82
4,x,2046,Octavio Paz,"Love is an attempt to penetrate another being, but it can only be realized if the surrender is mutual.",102
4,x,2047,Octavio Paz,"It is always difficult to give oneself up; few persons anywhere ever succeed in doing so, and even fewer transcend the possessive stage to know love for what it actually is: a perpetual discovery, and immersion in the waters of reality, an unending re-creation.",261
5,x,2048,Octavio Paz,To love is to undress our names.,32
2,,2049,Octavio Paz,Love is the revelation of the other person's freedom.,53
3,x,2050,Octavio Paz,Love is not a desire for beauty; it is a yearning for completion.,65
2,,2051,Octavio Paz,"A flower without a stem, is beauty waiting to die. A heart without love, is a tear waiting to cry.",98
2,,2052,Octavio Paz,"A glass pitcher, a wicker basket, a tunic of coarse cloth. Their beauty is inseparable from their function. Handicrafts belong to a world existing before the separation of the useful and the beautiful.",201
6,x,2053,Octavio Paz,"This poem is dedicated to those women/Whose beauty is in their charm,/In their intelligence,/In their character,/Not on their fabricated looks.",143
3,x,2054,Clarice Lispector,"Truth is always an interior and inexplicable contact. My truest life is unrecognizable, extremely interior and there is not a single word that defines it.",154
3,x,2055,Clarice Lispector,"For only when I err do I get away from what I know and what I understand. If 'truth' were what I can understand, it would end up being but a small truth, my-sized. Truth must reside precisely in what I shall never understand.",225
2,,2056,Clarice Lispector,"The only truth is that I live. Sincerely, I live. Who am I? Well, that's a bit much.",84
4,x,2057,Clarice Lispector,"I do not know much. But there are certain advantages in not knowing. Like virgin territory, the mind is free of preconceptions. Everything I do not know forms the greater part of me: This is my largesse. And with this I understand everything. The things I do not know constitute my truth.",288
5,x,2058,Clarice Lispector,"Love is now, is always. All that is missing is the coup de grâce--which is called passion.",91
2,,2059,Clarice Lispector,Perhaps love is to give one's own solitude to others? For it is the very last thing we have to offer.,101
3,x,2060,Clarice Lispector,It is because I dove into the abyss that I am beginning to love the abyss I am made of.,87
4,x,2061,Clarice Lispector,"Reality prior to my language exists as an unthinkable thought... life precedes love, bodily matter precedes the body, and one day in its turn language shall have preceded possession of silence.",193
4,x,2062,Clarice Lispector,"Love is so much more deadly than I had thought, love is so much inherent as the very lack, and we are guaranteed by a need to be renewed continuously. Love is now, is forever. There is just the blow of grace--call it passion.",225
2,,2063,Clarice Lispector,"Here is a moment of extravagant beauty: I drink it liquid from the shells of my hands and almost all of it runs sparkling through my fingers: but beauty is like that, it is a fraction of a second, quickness of a flash and then immediately it escapes.",250
3,x,2064,Clarice Lispector,"When I suddenly see myself in the depths of the mirror, I take fright. I can scarcely believe that I have limits, that I am outlined and defined. I feel myself to be dispersed in the atmosphere, thinking inside other creatures, living inside things beyond myself. When I suddenly see myself in the mirror, I am not startled because I find myself ugly or beautiful. I discover, in fact, that I possess another quality.",417
4,x,2065,Clarice Lispector,"I don't want beauty, I want identity.",37
5,x,2066,Clarice Lispector,"In the world there exists no aesthetic plane, not even the aesthetic plane of goodness.",87
5,x,2067,Jorge Luis Borges,The truth is that we live out our lives putting off all that can be put off; perhaps we all know deep down that we are immortal and that sooner or later all men will do and know all things.,189
4,x,2068,Jorge Luis Borges,"Historical truth, for him, is not what has happened; it is what we judge to have happened.",90
2,,2069,Jorge Luis Borges,"Reality is not always probable, or likely.",42
2,,2070,Jorge Luis Borges,"Scattered through the ordinary world, there are books and artifacts and perhaps people who are like doorways into impossible realms, of impossible and contradictory truth.",171
3,x,2071,Jorge Luis Borges,"The metaphysicians of Tlön do not seek for the truth or even for verisimilitude, but rather for the astounding.",112
4,x,2072,Jorge Luis Borges,To fall in love is to create a religion that has a fallible god.,64
2,,2073,Jorge Luis Borges,Being with you and not being with you is the only way I have to measure time.,77
2,,2074,Jorge Luis Borges,One is in love when one realizes that the other person is unique.,65
4,x,2075,Jorge Luis Borges,"There are those who seek the love of a woman to forget her, to not think about her.",83
2,,2076,Jorge Luis Borges,I think of reading a book as no less an experience than travelling or falling in love.,86
2,,2077,Jorge Luis Borges,"For me, beauty is a physical sensation, something we feel with our whole body. It is not the result of judgement. We do not arrive at it by way of rules. We either feel beauty or we don't.",188
4,x,2078,Jorge Luis Borges,"In this world, beauty is so common.",35
2,,2079,Jorge Luis Borges,"The aesthetic event is something as evident, as immediate, as indefinable as love, the taste of fruit, of water.",112
6,x,2080,Gabriel García Márquez,"A lie is more comfortable than doubt, more useful than love, more lasting than truth.",85
3,x,2081,Gabriel García Márquez,"The truth is that the first changes are so slow they pass almost unnoticed, and you go on seeing yourself as you always were, from the inside, but others observe you from the outside.",183
4,x,2082,Gabriel García Márquez,"The truth is that she spoke about her misfortune without any shame in order to cover up the other misfortune, the real one, that was burning in her insides.",156
5,x,2083,Gabriel García Márquez,One must not believe demons even when they speak the truth.,59
2,,2084,Gabriel García Márquez,"The truth was that I could not manage my soul, and I was becoming aware of old age because of my weakness in the face of love.",126
2,,2085,Gabriel García Márquez,The only regret I will have in dying is if it is not for love.,62
2,,2086,Gabriel García Márquez,There is always something left to love.,39
5,x,2087,Gabriel García Márquez,"She would defend herself, saying that love, no matter what else it might be, was a natural talent. She would say: You are either born knowing how, or you never know.",165
6,x,2088,Gabriel García Márquez,Sex is the consolation you have when you can't have love.,57
2,,2089,Gabriel García Márquez,It was inevitable: the scent of bitter almonds always reminded him of the fate of unrequited love.,98
2,,2090,Gabriel García Márquez,She had never imagined that curiosity was one of the many masks of love.,72
6,x,2091,Gabriel García Márquez,There is no greater glory than to die for love.,47
2,x,2092,Gabriel García Márquez,He is ugly and sad... but he is all love.,41
4,x,2093,Gabriel García Márquez,Only God knows how much I love you.,35
5,x,2094,Gabriel García Márquez,"She knew that he loved her above all else, more than anything in the world, but only for his own sake.",102
4,x,2095,Gabriel García Márquez,"To him she seemed so beautiful, so seductive, so different from ordinary people, that he could not understand why no one was as disturbed as he by the clicking of her heels on the paving stones...",196
4,x,2096,Gabriel García Márquez,"She was beautiful and lithe, with soft skin the color of bread and eyes like green almonds...",93
2,,2097,Gabriel García Márquez,"Beauty is everywhere, and it can be found in the simplest things.",65
2,,2098,Gabriel García Márquez,She was lost in her longing to understand.,42
2,,2099,Isabel Allende,How many times have I told you not to believe everything you hear? Seek truth for yourself.,91
4,x,2100,Isabel Allende,What is truer than truth? Answer: the story.,44
3,x,2101,Isabel Allende,You can tell the deepest truths with the lies of fiction.,57
4,x,2102,Isabel Allende,"I seek truth and beauty in the transparency of an autumn leaf, in the perfect form of a seashell on the beach, in the curve of a woman's back, in the texture of an ancient tree trunk, but also in the elusive forms of reality.",225
3,x,2103,Isabel Allende,"Truth is short-lived, watered down by torrents of rain.",55
7,x,2104,Isabel Allende,"For women, the best aphrodisiacs are words. The G-spot is in the ears. He who looks for it below there is wasting his time.",123
2,,2105,Isabel Allende,"Perhaps we are in this world to search for love, find it and lose it, again and again. With each love, we are born anew, and with each love that ends we collect a new wound.",173
4,x,2106,Isabel Allende,"I am happier when I love than when I am loved. I adore my husband, my son, my grandchildren, my mother, my dog, and frankly, I don't know if they even like me. But who cares? Loving them is my joy.",197
4,x,2107,Isabel Allende,"How accommodating is love, that forgives everything!",52
5,x,2108,Isabel Allende,You can't find someone who doesn't want to be found.,52
2,,2109,Isabel Allende,But beauty is a matter of attitude.,35
4,x,2110,Isabel Allende,"For the first time in her life, Alba wanted to be beautiful... She stared at herself in the thousand pieces of the mirror... and she finally believed that she was the most beautiful woman in the universe because she was able to see herself with Miguel's eyes.",259
6,x,2111,Isabel Allende,"Beauty is illusion, madame said; at fifteen all girls are pretty, but to keep being that way requires discipline.",113
2,,2112,Isabel Allende,"If you observe an ordinary object or body very closely, it is transformed into something sacred.",96
6,x,2113,César Vallejo,"At the moment the philosopher discovers a new truth, he is a complete beast.",76
3,x,2114,César Vallejo,"There exist questions without answers, which fill the spirit of science and common sense with uneasiness. There exist answers without questions, which are the spirit of art and the dialectic consciousness of things.",215
6,x,2115,César Vallejo,"Justice is not a human function. Nor can it be. Justice operates tacitly, deeper inside than all insides, in the courts and the prisoners.",138
3,x,2116,César Vallejo,"There are desires to return, to love, to not disappear, and there are desires to die, fought by two opposing waters that have never isthmused.",142
4,x,2117,César Vallejo,"My love, we will die close together, in each other's grips; this bitterness between us will wither and fade and the shadows will marry our lifeless lips.",153
5,x,2118,César Vallejo,"Love is strong only when it must die! And the tomb will be an enormous eye in whose depths the agony of love lives on, enduring and weeping, as in a cup of sweet eternity and the blackest dawn.",193
8,x,2119,César Vallejo,"I think about your sex. My heart simplified, I think about your sex, before the ripe daughterloin of day.",105
7,x,2120,César Vallejo,"Oh, my God, it's only now I come to you-- this late day, when I am full of love and turn to the rigged balance of a pair of breasts to weigh and grieve this frail creation.",172
2,,2121,César Vallejo,"The arts (painting, poetry, etc.) are not just these. Eating, drinking, walking are also arts; every act is an art.",115
3,x,2122,César Vallejo,Nature creates the eternity of Substance. Art creates the eternity of Form.,75
2,,2123,César Vallejo,"Upon a certain mysterious balance between what is visible and invisible in a portrait, between circumstance and permanence, or, what amounts to the same thing, between appearance and character is what the greatness of a creation depends.",237
4,x,2124,César Vallejo,"Beauty, says Paul Valéry, comes from difficulty. There is no construction possible without rules or a system, that is, without science. Because in man nothing should be blind.",176
3,x,2125,Eduardo Galeano,"There are those who believe destiny rests at the feet of the gods, but the truth is that it confronts the conscious of man with a burning challenge.",148
3,x,2126,Eduardo Galeano,"No history is mute. No matter how much they own it, break it, and lie about it, human history refuses to shut its mouth. Despite deafness and ignorance, the time that was continues to tick inside the time that is.",213
2,,2127,Eduardo Galeano,The first to be killed in war is the truth.,43
6,x,2128,Eduardo Galeano,"Those who make objectivity a religion are liars. They are afraid of human pain. They don't want to be objective, it's a lie: they want to be objects, so as not to suffer.",170
3,x,2129,Eduardo Galeano,We are all mortal until the first kiss and the second glass of wine.,68
2,,2130,Eduardo Galeano,Ojalá podamos tener el coraje de estar solos y la valentía de arriesgarnos a estar juntos.,92
7,x,2131,Eduardo Galeano,El amor es una enfermedad de las más jodidas y contagiosas.,60
7,x,2132,Eduardo Galeano,I can't sleep. There is a woman stuck between my eyelids. I would tell her to get out if I could. But there is a woman stuck in my throat.,138
2,x,2133,Eduardo Galeano,"Recordar: Del latín re-cordis, volver a pasar por el corazón...",65
3,x,2134,Eduardo Galeano,"The history of soccer is a sad voyage from beauty to duty. When the sport became an industry, the beauty that blossoms from the joy of play got torn out by its very roots.",171
2,x,2135,Eduardo Galeano,"I'm attracted to soccer's capacity for beauty. When well played, the game is a dance with a ball.",97
2,,2136,Eduardo Galeano,"To win without magic, without surprise or beauty, isn't that worse than losing?",79
4,x,2137,Eduardo Galeano,"Our effectiveness depends on our capacity to be audacious and astute, clear and appealing. I would hope that we can create a language more fearless and beautiful than that used by conformist writers to greet the twilight.",221
5,x,2138,Eduardo Galeano,"The human rainbow had been mutilated by machismo, racism, militarism and a lot of other isms, who have been terribly killing our greatness, our possible greatness, our possible beauty.",184
4,x,2139,Derek Walcott,The thing that is believed is a reality.,40
2,,2140,Derek Walcott,The truth is that the poems are ecstatic.,41
3,x,2141,Derek Walcott,"We look and see what we see in a mirror, and we believe it. That's important, the question of belief. The question is: Should we believe what we see in a mirror?",161
2,,2142,Derek Walcott,I look in the mirror. There's me. What's in the mirror is not real. So am I unreal?,83
2,,2143,Derek Walcott,The truest writers are those who see language not as a linguistic process but as a living element.,98
4,x,2144,Derek Walcott,"You will love again the stranger who was your self. Give wine. Give bread. Give back your heart to itself, to the stranger who has loved you all your life, whom you ignored for another, who knows you by heart.",209
2,,2145,Derek Walcott,"The time will come when, with elation, you will greet yourself arriving at your own door, in your own mirror, and each will smile at the other's welcome.",153
2,,2146,Derek Walcott,"Break a vase, and the love that reassembles the fragments is stronger than that love which took its symmetry for granted when it was whole.",139
4,x,2147,Derek Walcott,"Visual surprise is natural in the Caribbean; it comes with the landscape, and faced with its beauty, the sigh of History dissolves.",131
2,,2148,Derek Walcott,Good science and good art are always about a condition of awe. I don't think there is any other function for the poet or the scientist in the human tribe but the astonishment of the soul.,187
3,x,2149,Derek Walcott,"For every poet it is always morning in the world; history a forgotten, insomniac night. The fate of poetry is to fall in love with the world in spite of history.",161
4,x,2150,Aimé Césaire,Poetic knowledge is born in the great silence of scientific knowledge.,70
3,x,2151,Aimé Césaire,Scientific truth has for sign coherence and efficiency. Poetic truth has beauty as its sign.,92
6,x,2152,Aimé Césaire,"Prospero, you are the master of illusion. Lying is your trademark. And you have lied so much to me (lied about the world, lied about me) that you have ended by imposing on me an image of myself.",194
5,x,2153,Aimé Césaire,"People are surprised, they become indignant. They say: 'How strange! But never mind--it's Nazism, it will pass!' And they wait, and they hope; and they hide the truth from themselves...",185
5,x,2154,Aimé Césaire,"I have never harboured any illusions about the risks of history... History is always dangerous, the world of history is a risky world; but it is up to us at any given moment to establish and readjust the hierarchy of dangers.",225
3,x,2155,Aimé Césaire,"I have made a pact with the night, I have felt it softly healing me.",68
5,x,2156,Aimé Césaire,"Reason, I sacrifice you to the evening breeze.",46
2,,2157,Aimé Césaire,One word from you would be more help to me than anything in the world.,70
4,x,2158,Aimé Césaire,"And let me die suddenly, to be born again in the revelation of beauty....And the revelation of beauty is the wisdom of the ancestors.",133
4,x,2159,Aimé Césaire,"No race has the monopoly of beauty, intelligence and strength. All foundation of superiority must be destroyed.",111
4,x,2160,Aimé Césaire,"Culture is everything. Culture is the way we dress, the way we carry our heads, the way we walk, the way we tie our ties--it is not only the fact of writing books or building houses.",182
4,x,2161,Aimé Césaire,"It is no use painting the foot of the tree white, the strength of the bark cries out from beneath the paint.",108
7,x,2162,Louise Bennett-Coverley,"Wat a joyful news, Miss Mattie, I feel like me heart gwine burs Jamaica people colonizin Englan in Reverse",106
6,x,2163,Louise Bennett-Coverley,"Me glad fi see yuh come back, bwoy, But lawd, yuh let me dung Me shame a yuh so till all a Me proudness drop a grung.",117
5,x,2164,Louise Bennett-Coverley,"When I was a child, nearly everything about us was bad, yuh know; they would tell yuh seh yuh have bad hair, that black people bad, and that the language yuh talk was bad. And I know that a lot of people I knew were not bad at all - they were nice people and they talked this language.",285
4,x,2165,Louise Bennett-Coverley,"Sun a shine but tings no bright; Doah pot a bwile, bickle no nuff; River flood but water scarce, yawl Rain a fall but dutty tough.",130
4,x,2166,Louise Bennett-Coverley,"Me darlin love, me lickle dove, / Me dumplin, me gizada, / Me sweetie Sue, I goes fa you / Like how flies goes fa sugar.",120
5,x,2167,Louise Bennett-Coverley,As ah puts me pen to paper / An me pen-nib start fi fly / Me rememberance remember / De fus day yuh ketch me yeye!,114
2,,2168,Louise Bennett-Coverley,"Me darlin love, me lickle dove, / Me dumplin, me gizada, / The roses long for sunshine / And rain and cooling dew, / Flies goes fa sugar / And love, I goes fa you.",163
6,x,2169,Louise Bennett-Coverley,"Dah language weh you proud o', / Weh yuh honour and respeck, / Po' Mass Charlie! You noh know sey / Dat it spring from dialect!",127
5,x,2170,Louise Bennett-Coverley,"When I was a child nearly everything about us was bad, you know; they would tell yuh seh yuh have bad hair, that black people bad ... and that the language yuh talk was bad. And I know that a lot of the people I knew were not bad at all, they were nice people and they talked this language ...",293
6,x,2171,Bob Marley,"The truth is, everyone is going to hurt you. You just got to find the ones worth suffering for.",95
5,x,2172,Bob Marley,The Truth An Offense But Not A Sin.,35
2,,2173,Bob Marley,"Truth is the light, so you never give up the fight.",51
2,,2174,Bob Marley,Tell the children the truth.,28
6,x,2175,Bob Marley,"If she's amazing, she won't be easy. If she's easy, she won't be amazing. If she's worth it, you won't give up. If you give up, you're not worthy. ... Truth is, everybody is going to hurt you; you just gotta find the ones worth suffering for.",242
7,x,2176,Bob Marley,The biggest coward of a man is to awaken the love of a woman without the intention of loving her.,97
6,x,2177,Bob Marley,"You may not be her first, her last, or her only. She loved before she may love again. But if she loves you now, what else matters?",130
2,,2178,Bob Marley,Love the life you live. Live the life you love.,47
2,,2179,Bob Marley,"One love, one heart, let's get together and feel all right.",59
6,x,2180,Bob Marley,The most beautiful curve on a woman's body is her smile.,56
2,,2181,Bob Marley,"The most beautiful things are not perfect, they are special.",60
5,x,2182,Bob Marley,She may not be the most popular or prettiest but if you love her and she makes you smile... what else matters?,110
4,x,2183,Bob Marley,"The beauty of love. The love of beauty. The greener you are, the wiser you will be.",83
4,x,2184,Sylvia Wynter,"In order to live in society, we must produce the society in which we live.",74
5,x,2185,Sylvia Wynter,"We do this unconsciously, allowing us to 'repress the recognition of our collective production of our modes of social reality.'",127
7,x,2186,Sylvia Wynter,"Our own disciplines... must still continue to function, as all human orders of knowledge have done from our origin on the continent of Africa until today, as a language-capacitated form of life, to ensure that we continue to know our present order of social reality, and rigorously so, in the adaptive 'truth-for' terms needed to conserve our present descriptive statement.",373
7,x,2187,Sylvia Wynter,"Man 'overrepresents itself as if it were the human itself, and that of securing the well-being, and therefore the full cognitive and behavioural autonomy of the human species itself/ourselves.'",193
4,x,2188,Sylvia Wynter,There is no apocalypse that is not also an opportunity to re-script the terms of our reality.,93
4,x,2189,Sylvia Wynter,Love is the praxis of humanization.,35
2,,2190,Sylvia Wynter,To love is to recognize the shared vulnerability of our human condition.,72
2,,2191,Sylvia Wynter,"In the act of loving, we affirm our collective humanity.",56
3,x,2192,Sylvia Wynter,Love disrupts the coloniality of power by fostering genuine human connections.,78
2,,2193,Sylvia Wynter,"Through love, we challenge the dehumanizing structures of society.",66
2,,2194,Edwidge Danticat,"Even when I think of writing fiction, it's being kind of a liar, a storyteller, a weaver, and there's that sense of how much of this is your life. The story is a way you unravel your life from behind a mask.",207
3,x,2195,Edwidge Danticat,"Sometimes we mask ourselves to further reveal ourselves, and it's always been connected to me with being a writer: We tell lies to tell a greater truth. The story is a mask; the characters you create are masks.",210
2,,2196,Edwidge Danticat,We need literature because we wouldn't fully know ourselves without it. We need good literature to be fully human.,114
2,,2197,Edwidge Danticat,Love is like the rain. It comes in a drizzle sometimes. Then it starts pouring and if you're not careful it will drown you.,123
2,,2198,Edwidge Danticat,"All anyone can hope for is just a tiny bit of love, like a drop in a cup if you can get it, or a waterfall, a flood, if you can get that too.",141
6,x,2199,Edwidge Danticat,No one will love you more than you love your pain.,50
2,,2200,Edwidge Danticat,I think there's something really beautiful about embracing who you are and owning and accepting all of you and knowing that everything about you is purposeful.,159
2,,2201,Edwidge Danticat,We must learn to see the beauty in the brokenness.,50
2,,2202,Edwidge Danticat,Our differences are what make us beautiful and strong.,54
2,,2203,Edwidge Danticat,"Beauty is a quest for meaning. It's a quest for humanity. You don't write about what you know only, you write about what you want to discover.",142
2,,2204,Edwidge Danticat,For the majority of the people it is a difficult place to live. That's a reality that we can't ignore. But there is also great beauty to it.,140
4,x,2205,Louise Erdrich,The only time I see the truth is when I cross my eyes.,54
2,,2206,Louise Erdrich,Whenever he thought he knew the truth it merged into another truth.,67
2,,2207,Louise Erdrich,I have never seen the truth...without crossing my eyes. Life is crazy.,70
5,x,2208,Louise Erdrich,"But if there was embellishment, it only had to do with the facts.",65
2,,2209,Louise Erdrich,"In the quest for truth, we often uncover painful secrets that change everything we thought we knew.",99
2,,2210,Louise Erdrich,You have to love. You have to feel. It is the reason you are here on earth. You are here to risk your heart.,108
2,,2211,Louise Erdrich,"Love won't be tampered with, love won't go away. Push it to one side and it creeps to the other.",96
2,,2212,Louise Erdrich,"To love another human in all of her splendor and imperfect perfection, it is a magnificent task...tremendous and foolish and human.",131
3,x,2213,Louise Erdrich,"Old love, middle love, the kind of love that knows itself and knows that nothing lasts, is a desperate shared wildness.",119
2,,2214,Louise Erdrich,"We do know that no one gets wise enough to really understand the heart of another, though it is the task of our life to try.",124
4,x,2215,Louise Erdrich,"Effortless. Easy. The lack of trying is what makes them lovely. We all try too hard. Striving wears down our edges, dulls the best of us.",137
2,,2216,Louise Erdrich,"Life will break you. Nobody can protect you from that, and living alone won't either, for solitude will also break you with its yearning. You have to love. You have to feel. It is the reason you are here on earth. You are here to risk your heart.",246
4,x,2217,Louise Erdrich,"We have these earthly bodies. We don't know what they want. Half the time, we pretend they are under our mental thumb, but that is the illusion of the healthy and the protected.",177
2,,2218,Louise Erdrich,What are dreams but an internal wilderness and what is desire but a wildness of the soul?,89
2,,2219,Leslie Marmon Silko,"I will tell you something about stories . . . They aren't just entertainment. Don't be fooled. They are all we have, you see, all we have to fight off illness and death.",169
2,,2220,Leslie Marmon Silko,You don't have anything if you don't have the stories.,54
2,,2221,Leslie Marmon Silko,"But as long as you remember what you have seen, then nothing is gone. As long as you remember, it is part of this story we have together.",137
5,x,2222,Leslie Marmon Silko,"The truth of course was otherwise, but Lecha had never felt she owed anyone the truth, unless it was truth about their own lives, and then they had to pay her to tell them.",172
2,,2223,Leslie Marmon Silko,"When someone dies, you don't get over it by forgetting; you get over it by remembering, and you are aware that no person is ever truly lost or gone once they have been in our life and loved us, as we have loved them.",216
3,x,2224,Leslie Marmon Silko,"Night. Heavenly delicious sweet night of the desert that calls all of us to love her. The night is our comfort with her coolness and darkness. On wings, on feet, on our bellies, out we all come to glory in the night.",216
2,x,2225,Leslie Marmon Silko,"Relationships. That's all there really is. There's your relationship with the dust that just blew in your face, or with the person who just kicked you end over end... You have to come to terms, to some kind of equilibrium, with those people around you, those people who care for you, your environment.",301
2,,2226,Leslie Marmon Silko,"There is a beauty at the heart of everything, because sometimes, the ugly is only an illusion.",94
2,,2227,Leslie Marmon Silko,The desert teaches us to appreciate the smallest moments of beauty.,67
2,,2228,Leslie Marmon Silko,The desert is a canvas where dreams are painted with the colors of hope.,72
2,,2229,Leslie Marmon Silko,The dunes whisper ancient stories that have been carried on the wind for centuries.,83
2,,2230,Leslie Marmon Silko,The power of nature can heal even the deepest wounds of the soul.,65
4,x,2231,Zitkala-Sa,There is no great; there is no small; in the mind that causeth all.,67
6,x,2232,Zitkala-Sa,Few there are who have paused to question whether real life or long-lasting death lies beneath this semblance of civilization.,126
5,x,2233,Zitkala-Sa,I fear no man. Sometimes I think I do not even fear God.,56
5,x,2234,Zitkala-Sa,"A wee child toddling in a wonder world, I prefer to their dogma my excursions into the natural gardens where the voice of the Great Spirit is heard in the twittering of birds, the rippling of mighty waters, and the sweet breathing of flowers. If this is Paganism, then at present, at least, I am a Pagan.",304
2,,2235,Zitkala-Sa,"The sun, the earth, love, friends, our very breath are parts of the banquet.",76
2,,2236,Zitkala-Sa,The nectar of life is sweet only when shared with others.,57
2,,2237,Zitkala-Sa,"With the bird songs, I was at home.",35
2,,2238,Zitkala-Sa,My heart and I lie small upon the earth like a grain of throbbing sand.,71
2,,2239,Zitkala-Sa,"The voice of the Great Spirit is heard in the twittering of birds, the rippling of mighty waters, and the sweet breathing of flowers.",133
4,x,2240,Zitkala-Sa,"Their quaint round faces of varied hue convince the heart which leaps with glad surprise that they, too, are living symbols of omnipotent thought. With a child's eager eye I drink in the myriad star shapes wrought in luxuriant color upon the green. Beautiful is the spiritual essence they embody.",296
2,,2241,Zitkala-Sa,"My heart and I lie small upon the earth like a grain of throbbing sand. Drifting clouds and tinkling waters, together with the warmth of a genial summer day, bespeak with eloquence the loving Mystery round about us.",215
2,,2242,Billy-Ray Belcourt,"Herein lies my poetic truth. Love, then, isn't remotely about what we might lose when it inevitably dissipates.",111
3,x,2243,Billy-Ray Belcourt,"With joy, we breach the haze of suffering that denies us creativity and literature. Joy is art is an ethics of resistance.",122
2,,2244,Billy-Ray Belcourt,I wrote about the future because I wanted to invent it. I wrote about the present so that it wouldn't obliterate me.,116
4,x,2245,Billy-Ray Belcourt,"But as a poet, I couldn't break the habit of trying to make the world and thus my lived life into an art object. I said yes to the world again and again, sometimes to my detriment, if only to increase the volume of my selfhood.",227
3,x,2246,Billy-Ray Belcourt,"Rather than change the world, a novel could index a longing for something else, for a different arrangement of bodies, feelings, and environments in which human flourishing wasn't inhibited for the marginalized, which seemed as urgent an act of rebellion as any.",262
3,x,2247,Billy-Ray Belcourt,To love someone is firstly to confess: I'm prepared to be devastated by you.,76
2,,2248,Billy-Ray Belcourt,That's what love is -- someone else's spirit moving through you. When someone moves through you they leave behind a small trace of human life. It's how we know we're still alive.,178
2,,2249,Billy-Ray Belcourt,"Love, then, isn't remotely about what we might lose when it inevitably dissipates. How unworkable love would be were we to subject it to a risk-cost benefits analysis!",167
4,x,2250,Billy-Ray Belcourt,Love is the clumsy name we give to a body spilling outside itself.,66
5,x,2251,Billy-Ray Belcourt,Sometimes not loving is the most radical thing you can do.,58
5,x,2252,Billy-Ray Belcourt,What if I'm a beautiful wound people dance inside of?,53
2,,2253,Billy-Ray Belcourt,Joy is art is an ethics of resistance.,38
5,x,2254,Billy-Ray Belcourt,"If I'm more of a toy to be wound up than a man, can I write beautiful things?",77
4,x,2255,Billy-Ray Belcourt,"Today, I read and write for beauty, and live so as to disappear.",64
2,,2256,Billy-Ray Belcourt,"My body is not a monument of beauty, but a garden of resilience.",64
4,x,2257,Ocean Vuong,"The truth is we can survive our lives, but not our skin. But you know this already.",83
2,,2258,Ocean Vuong,"The truth is none of us are enough, but you know this already. The truth is I came here hoping for a reason to stay.",116
5,x,2259,Ocean Vuong,"I am writing because they told me to never start a sentence with because. But I wasn't trying to make a sentence--I was trying to break free. Because freedom, I am told, is nothing but the distance between the hunter and its prey.",230
2,,2260,Ocean Vuong,Sometimes you are erased before you are given the choice of stating who you are.,80
2,,2261,Ocean Vuong,"Ma. You once told me that memory is a choice. But if you were god, you'd know it's a flood.",91
2,,2262,Ocean Vuong,They say nothing lasts forever but they're just scared it will last longer than they can love it.,97
4,x,2263,Ocean Vuong,"To love something, then, is to name it after something so worthless it might be left untouched--and alive.",106
2,,2264,Ocean Vuong,To love is to be a witness.,27
2,,2265,Ocean Vuong,"Love is a small, trembling thing.",33
2,,2266,Ocean Vuong,To despair is to wish our pain could be loved away.,51
2,,2267,Ocean Vuong,"Love is a fire that cannot be seen, but is always felt.",55
2,,2268,Ocean Vuong,Love is the most ancient of all languages.,42
2,,2269,Ocean Vuong,Love is the journey and the destination.,40
3,x,2270,Ocean Vuong,"I am thinking of beauty again, how some things are hunted because we have deemed them beautiful. If, relative to the history of our planet, an individual life is so short, a blink, as they say, then to be gorgeous, even from the day you're born to the day you die, is to be gorgeous only briefly.",296
4,x,2271,Ocean Vuong,"Because the sunset, like survival, exists only on the verge of its own disappearing. To be gorgeous, you must first be seen, but to be seen allows you to be hunted.",164
4,x,2272,Ocean Vuong,"Because the thing about beauty is that it's only beautiful outside of itself. Seen through a mirror, I viewed my body as another, a boy a few feet away, his expression unmoved, daring the skin to remain as it was, as if the sun, setting, was not already elsewhere, was not in Ohio.",281
2,,2273,Ocean Vuong,"All this time I told myself we were born from war--but I was wrong, Ma. We were born from beauty. Let no one mistake us for the fruit of violence--but that violence, having passed through the fruit, failed to spoil it.",218
7,x,2274,Ta-Nehisi Coates,The entire narrative of this country argues against the truth of who you are.,77
5,x,2275,Ta-Nehisi Coates,"The Dream is the enemy of all art, courageous thinking, and honest writing.",75
2,x,2276,Ta-Nehisi Coates,"I was learning the craft of poetry, which really was an intensive version of what my mother had taught me all those years ago--the craft of writing as the art of thinking. Poetry aims for an economy of truth--loose and useless words must be discarded, and I found that these loose and useless words were not separate from loose and useless thoughts.",349
4,x,2277,Ta-Nehisi Coates,"I began to feel that something more than a national trophy case was needed if I was to be truly free... My history professors thought nothing of telling me that my search for myth was doomed, that the stories I wanted to tell myself could not be matched to truths.",264
3,x,2278,Ta-Nehisi Coates,An America that looks away is ignoring not just the sins of the past but the sins of the present and the certain sins of the future.,132
2,,2279,Ta-Nehisi Coates,"It was like falling in love - the things that get you are so small, the things that keep you up at night are so particular to you that when you try to explain, the only reward anyone can give you is a dumb polite nod.",217
6,x,2280,Ta-Nehisi Coates,I love America the way I love my family - I was born into it. And there's no escape out of it.,94
3,x,2281,Ta-Nehisi Coates,"I was young and love to me was a fuse that was lit, not a garden that was grown.",80
2,x,2282,Ta-Nehisi Coates,"What I am telling you is that you do not need to know to love, and it is right that you feel it all in any moment. And it is right that you see it through--that you are amazed, then curious, then belligerent, then heartbroken, then numb. You have the right to all of it.",270
2,,2283,Ta-Nehisi Coates,"May you find a love that love you, even in these shackled times.",64
6,x,2284,Ta-Nehisi Coates,"Black is beautiful--which is to say that the black body is beautiful, that black hair must be guarded against the torture of processing and lye, that black skin must be guarded against bleach, that our noses and mouths must be protected against modern surgery. We are all our beautiful bodies and so must never be prostrate before barbarians, must never submit our original self, our one of one, to defiling and plunder.",420
5,x,2285,Ta-Nehisi Coates,We are beautiful people with african imaginations.,50
5,x,2286,Ta-Nehisi Coates,There is nothing in the world more beautiful than a struggle.,61
2,,2287,Rachel Carson,"The aim of science is to discover and illuminate truth. And that, I take it, is the aim of literature, whether biography or history or fiction. It seems to me, then, that there can be no separate literature of science.",218
2,x,2288,Rachel Carson,"The winds, the sea, and the moving tides are what they are. If there is wonder and beauty and majesty in them, science will discover these qualities. If they are not there, science cannot create them. If there is poetry in my book about the sea, it is not because I deliberately put it there, but because no one could write truthfully about the sea and leave out the poetry.",374
2,,2289,Rachel Carson,Even in the vast and mysterious reaches of the sea we are brought back to the fundamental truth that nothing lives to itself.,125
2,x,2290,Rachel Carson,"This notion that 'science' is something that belongs in a separate compartment of its own, apart from everyday life, is one that I should like to challenge. We live in a scientific age; yet we assume that knowledge of science is the prerogative of only a small number of human beings, isolated and priest-like in their laboratories. This is not true. It cannot be true. The materials of science are the materials of life itself. Science is part of the reality of living; it is the what, the how, and the why of everything in our experience.",540
3,x,2291,Rachel Carson,"Once the emotions have been aroused--a sense of the beautiful, the excitement of the new and the unknown, a feeling of sympathy, pity, admiration or love--then we wish for knowledge about the subject of our emotional response.",226
2,,2292,Rachel Carson,Those who love and free nature are never alone.,47
4,x,2293,Rachel Carson,"I sincerely believe that for the child, and for the parent seeking to guide him, it is not half so important to know as to feel.",128
2,,2294,Rachel Carson,Those who contemplate the beauty of the earth find reserves of strength that will endure as long as life lasts.,111
2,,2295,Rachel Carson,It is a wholesome and necessary thing for us to turn again to the earth and in the contemplation of her beauties to know the sense of wonder and humility.,154
2,,2296,Rachel Carson,Drink in the beauty and wonder at the meaning of what you see.,62
2,,2297,Rachel Carson,One way to open your eyes to unnoticed beauty is to ask yourself: What if I had never seen this before? What if I knew I would never see it again?,146
2,,2298,Rachel Carson,I believe natural beauty has a necessary place in the spiritual development of any individual or any society.,109
3,x,2299,Greta Thunberg,"I often talk to people who say, 'No, we have to be hopeful and to inspire each other, and we can't tell [people] too many negative things'... But, no -- we have to tell it like it is. Because if there are no positive things to tell, then what should we do, should we spread false hope? We can't do that, we have to tell the truth.",330
5,x,2300,Greta Thunberg,Some people say that the climate crisis is something we have all created. But that is just another convenient lie. Because if everyone is guilty then no one is to blame.,169
4,x,2301,Greta Thunberg,You say nothing in life is black or white. But that is a lie. A very dangerous lie. Either we prevent 1.5 degree [Celsius] of warming or we don't. Either we avoid setting off that irreversible chain reaction beyond human control or we don't. Either we choose to go on as a civilisation or we don't. That is as black or white as it gets. There are no grey areas when it comes to survival.,387
3,x,2302,Greta Thunberg,"We can't save the world by playing by the rules, because the rules have to be changed. Everything needs to change - and it has to start today.",142
3,x,2303,Greta Thunberg,We are in the beginning of a mass extinction. And all you can talk about is money and fairy tales of eternal economic growth.,125
4,x,2304,Greta Thunberg,You say that you love your children above everything else. And yet you are stealing their future.,97
2,,2305,Greta Thunberg,Act as if you loved your children above all else.,49
2,,2306,Greta Thunberg,"We are exhausted, but we are also full of love and rage.",56
4,x,2307,Greta Thunberg,"When haters go after your looks and differences, it means they have nowhere left to go. And then you know you're winning!",121
2,,2308,Greta Thunberg,I have Asperger's syndrome and that means I'm sometimes a bit different from the norm. And--given the right circumstances--being different is a superpower.,155
2,,2309,Greta Thunberg,"Being different is a gift. If I would've been like everyone else, I wouldn't have started this school strike.",109
2,,2310,Ada Lovelace,"The science of operations, as derived from mathematics more especially, is a science of itself, and has its own abstract truth and value.",137
6,x,2311,Ada Lovelace,"The intellectual, the moral, the religious seem to me all naturally bound up and interlinked together in one great and harmonious whole... That God is one, and that all the works and the feelings He has called into existence are ONE; this is a truth... not in my opinion developed to the apprehension of most people in its really deep and unfathomable meaning.",360
4,x,2312,Ada Lovelace,The Analytical Engine has no pretensions whatever to originate anything. It can do whatever we know how to order it to perform. It can follow analysis; but it has no power of anticipating any analytical relations or truths.,223
2,x,2313,Ada Lovelace,"Imagination is the Discovering Faculty, pre-eminently... It is that which feels & discovers what is, the REAL which we see not, which exists not for our senses... Mathematical science shows what is. It is the language of unseen relations between things... Imagination too shows what is... Hence she is or should be especially cultivated by the truly Scientific, those who wish to enter into the worlds around us!",412
6,x,2314,Ada Lovelace,"My unswerving principle is to strive to love the truth and God above fame and glory. Yours is to love the truth and God, but to love more fame, glory and honors.",161
4,x,2315,Ada Lovelace,"Perhaps you have felt already, from the tone of my letter, that I am more than ever now the bride of science.",109
4,x,2316,Ada Lovelace,"I can only end by repeating what I have often said before, that I am very troublesome, & only wish I could do you any such service as you are doing me.",151
2,,2317,Ada Lovelace,We may say most aptly that the Analytical Engine weaves algebraic patterns just as the Jacquard loom weaves flowers and leaves.,127
5,x,2318,Ada Lovelace,"What is imagination? It is a God-like, a noble faculty. It renders earth tolerable; it teaches us to live, in the tone of the eternal.",134
4,x,2319,Ada Lovelace,"Those who view mathematical science, not merely as a vast body of abstract and immutable truths, whose intrinsic beauty, symmetry and logical completeness, when regarded in their connexion together as a whole, entitle them to a prominent place in the interest of all profound and logical minds...",296
3,x,2320,Ada Lovelace,"If you can't give me poetry, can't you give me 'poetical science'?",66
3,x,2321,Ada Lovelace,"I may remark that the curious transformations many formulae can undergo, the unsuspected and to a beginner apparently impossible identity of forms exceedingly dissimilar at first sight, is I think one of the chief difficulties in the early part of mathematical studies.",269
